QR Code,QR Type,Environment,Status,Created At
EVX26-WB-000001,WRISTBAND,PRODUCTION,UNUSED,2026-08-24T08:14:07.001Z
EVX26-WB-000002,WRISTBAND,PRODUCTION,UNUSED,2026-08-24T08:14:07.017Z
EVX26-WB-000003,WRISTBAND,PRODUCTION,UNUSED,2026-08-24T08:14:07.039Z
EVX26-WB-000004,WRISTBAND,PRODUCTION,UNUSED,2026-08-24T08:14:07.061Z
EVX26-WB-000005,WRISTBAND,PRODUCTION,UNUSED,2026-08-24T08:14:07.077Z
EVX26-WB-000006,WRISTBAND,PRODUCTION,UNUSED,2026-08-24T08:14:07.092Z
EVX26-WB-000007,WRISTBAND,PRODUCTION,UNUSED,2026-08-24T08:14:07.110Z
EVX26-WB-000008,WRISTBAND,PRODUCTION,UNUSED,2026-08-24T08:14:07.128Z
EVX26-WB-000009,WRISTBAND,PRODUCTION,UNUSED,2026-08-24T08:14:07.166Z
EVX26-WB-000010,WRISTBAND,PRODUCTION,UNUSED,2026-08-24T08:14:07.190Z
EVX26-WB-000011,WRISTBAND,PRODUCTION,UNUSED,2026-08-24T08:14:07.213Z
EVX26-WB-000012,WRISTBAND,PRODUCTION,UNUSED,2026-08-24T08:14:07.230Z
EVX26-WB-000013,WRISTBAND,PRODUCTION,UNUSED,2026-08-24T08:14:07.246Z
EVX26-WB-000014,WRISTBAND,PRODUCTION,UNUSED,2026-08-24T08:14:07.262Z
EVX26-WB-000015,WRISTBAND,PRODUCTION,UNUSED,2026-08-24T08:14:07.277Z
EVX26-WB-000016,WRISTBAND,PRODUCTION,UNUSED,2026-08-24T08:14:07.291Z
EVX26-WB-000017,WRISTBAND,PRODUCTION,UNUSED,2026-08-24T08:14:07.310Z
EVX26-WB-000018,WRISTBAND,PRODUCTION,UNUSED,2026-08-24T08:14:07.327Z
EVX26-WB-000019,WRISTBAND,PRODUCTION,UNUSED,2026-08-24T08:14:07.342Z
EVX26-WB-000020,WRISTBAND,PRODUCTION,UNUSED,2026-08-24T08:14:07.362Z
EVX26-WB-000021,WRISTBAND,PRODUCTION,UNUSED,2026-08-24T08:14:07.376Z
EVX26-WB-000022,WRISTBAND,PRODUCTION,UNUSED,2026-08-24T08:14:07.395Z
EVX26-WB-000023,WRISTBAND,PRODUCTION,UNUSED,2026-08-24T08:14:07.411Z
EVX26-WB-000024,WRISTBAND,PRODUCTION,UNUSED,2026-08-24T08:14:07.424Z
EVX26-WB-000025,WRISTBAND,PRODUCTION,UNUSED,2026-08-24T08:14:07.438Z
EVX26-WB-000026,WRISTBAND,PRODUCTION,UNUSED,2026-08-24T08:14:07.452Z
EVX26-WB-000027,WRISTBAND,PRODUCTION,UNUSED,2026-08-24T08:14:07.467Z
EVX26-WB-000028,WRISTBAND,PRODUCTION,UNUSED,2026-08-24T08:14:07.482Z
EVX26-WB-000029,WRISTBAND,PRODUCTION,UNUSED,2026-08-24T08:14:07.499Z
EVX26-WB-000030,WRISTBAND,PRODUCTION,UNUSED,2026-08-24T08:14:07.514Z
EVX26-WB-000031,WRISTBAND,PRODUCTION,UNUSED,2026-08-24T08:14:07.528Z
EVX26-WB-000032,WRISTBAND,PRODUCTION,UNUSED,2026-08-24T08:14:07.544Z
EVX26-WB-000033,WRISTBAND,PRODUCTION,UNUSED,2026-08-24T08:14:07.558Z
EVX26-WB-000034,WRISTBAND,PRODUCTION,UNUSED,2026-08-24T08:14:07.572Z
EVX26-WB-000035,WRISTBAND,PRODUCTION,UNUSED,2026-08-24T08:14:07.589Z
EVX26-WB-000036,WRISTBAND,PRODUCTION,UNUSED,2026-08-24T08:14:07.604Z
EVX26-WB-000037,WRISTBAND,PRODUCTION,UNUSED,2026-08-24T08:14:07.620Z
EVX26-WB-000038,WRISTBAND,PRODUCTION,UNUSED,2026-08-24T08:14:07.634Z
EVX26-WB-000039,WRISTBAND,PRODUCTION,UNUSED,2026-08-24T08:14:07.648Z
EVX26-WB-000040,WRISTBAND,PRODUCTION,UNUSED,2026-08-24T08:14:07.664Z
EVX26-WB-000041,WRISTBAND,PRODUCTION,UNUSED,2026-08-24T08:14:07.680Z
EVX26-WB-000042,WRISTBAND,PRODUCTION,UNUSED,2026-08-24T08:14:07.695Z
EVX26-WB-000043,WRISTBAND,PRODUCTION,UNUSED,2026-08-24T08:14:07.708Z
EVX26-WB-000044,WRISTBAND,PRODUCTION,UNUSED,2026-08-24T08:14:07.723Z
EVX26-WB-000045,WRISTBAND,PRODUCTION,UNUSED,2026-08-24T08:14:07.737Z
EVX26-WB-000046,WRISTBAND,PRODUCTION,UNUSED,2026-08-24T08:14:07.751Z
EVX26-WB-000047,WRISTBAND,PRODUCTION,UNUSED,2026-08-24T08:14:07.766Z
EVX26-WB-000048,WRISTBAND,PRODUCTION,UNUSED,2026-08-24T08:14:07.780Z
EVX26-WB-000049,WRISTBAND,PRODUCTION,UNUSED,2026-08-24T08:14:07.795Z
EVX26-WB-000050,WRISTBAND,PRODUCTION,UNUSED,2026-08-24T08:14:07.810Z
EVX26-WB-000051,WRISTBAND,PRODUCTION,UNUSED,2026-08-24T08:14:07.827Z
EVX26-WB-000052,WRISTBAND,PRODUCTION,UNUSED,2026-08-24T08:14:07.839Z
EVX26-WB-000053,WRISTBAND,PRODUCTION,UNUSED,2026-08-24T08:14:07.855Z
EVX26-WB-000054,WRISTBAND,PRODUCTION,UNUSED,2026-08-24T08:14:07.869Z
EVX26-WB-000055,WRISTBAND,PRODUCTION,UNUSED,2026-08-24T08:14:07.886Z
EVX26-WB-000056,WRISTBAND,PRODUCTION,UNUSED,2026-08-24T08:14:07.901Z
EVX26-WB-000057,WRISTBAND,PRODUCTION,UNUSED,2026-08-24T08:14:07.916Z
EVX26-WB-000058,WRISTBAND,PRODUCTION,UNUSED,2026-08-24T08:14:07.931Z
EVX26-WB-000059,WRISTBAND,PRODUCTION,UNUSED,2026-08-24T08:14:07.945Z
EVX26-WB-000060,WRISTBAND,PRODUCTION,UNUSED,2026-08-24T08:14:07.958Z
EVX26-WB-000061,WRISTBAND,PRODUCTION,UNUSED,2026-08-24T08:14:07.972Z
EVX26-WB-000062,WRISTBAND,PRODUCTION,UNUSED,2026-08-24T08:14:07.988Z
EVX26-WB-000063,WRISTBAND,PRODUCTION,UNUSED,2026-08-24T08:14:08.006Z
EVX26-WB-000064,WRISTBAND,PRODUCTION,UNUSED,2026-08-24T08:14:08.021Z
EVX26-WB-000065,WRISTBAND,PRODUCTION,UNUSED,2026-08-24T08:14:08.036Z
EVX26-WB-000066,WRISTBAND,PRODUCTION,UNUSED,2026-08-24T08:14:08.049Z
EVX26-WB-000067,WRISTBAND,PRODUCTION,UNUSED,2026-08-24T08:14:08.063Z
EVX26-WB-000068,WRISTBAND,PRODUCTION,UNUSED,2026-08-24T08:14:08.079Z
EVX26-WB-000069,WRISTBAND,PRODUCTION,UNUSED,2026-08-24T08:14:08.093Z
EVX26-WB-000070,WRISTBAND,PRODUCTION,UNUSED,2026-08-24T08:14:08.107Z
EVX26-WB-000071,WRISTBAND,PRODUCTION,UNUSED,2026-08-24T08:14:08.127Z
EVX26-WB-000072,WRISTBAND,PRODUCTION,UNUSED,2026-08-24T08:14:08.142Z
EVX26-WB-000073,WRISTBAND,PRODUCTION,UNUSED,2026-08-24T08:14:08.156Z
EVX26-WB-000074,WRISTBAND,PRODUCTION,UNUSED,2026-08-24T08:14:08.170Z
EVX26-WB-000075,WRISTBAND,PRODUCTION,UNUSED,2026-08-24T08:14:08.184Z
EVX26-WB-000076,WRISTBAND,PRODUCTION,UNUSED,2026-08-24T08:14:08.198Z
EVX26-WB-000077,WRISTBAND,PRODUCTION,UNUSED,2026-08-24T08:14:08.211Z
EVX26-WB-000078,WRISTBAND,PRODUCTION,UNUSED,2026-08-24T08:14:08.227Z
EVX26-WB-000079,WRISTBAND,PRODUCTION,UNUSED,2026-08-24T08:14:08.241Z
EVX26-WB-000080,WRISTBAND,PRODUCTION,UNUSED,2026-08-24T08:14:08.256Z
EVX26-WB-000081,WRISTBAND,PRODUCTION,UNUSED,2026-08-24T08:14:08.272Z
EVX26-WB-000082,WRISTBAND,PRODUCTION,UNUSED,2026-08-24T08:14:08.287Z
EVX26-WB-000083,WRISTBAND,PRODUCTION,UNUSED,2026-08-24T08:14:08.304Z
EVX26-WB-000084,WRISTBAND,PRODUCTION,UNUSED,2026-08-24T08:14:08.318Z
EVX26-WB-000085,WRISTBAND,PRODUCTION,UNUSED,2026-08-24T08:14:08.334Z
EVX26-WB-000086,WRISTBAND,PRODUCTION,UNUSED,2026-08-24T08:14:08.349Z
EVX26-WB-000087,WRISTBAND,PRODUCTION,UNUSED,2026-08-24T08:14:08.367Z
EVX26-WB-000088,WRISTBAND,PRODUCTION,UNUSED,2026-08-24T08:14:08.381Z
EVX26-WB-000089,WRISTBAND,PRODUCTION,UNUSED,2026-08-24T08:14:08.396Z
EVX26-WB-000090,WRISTBAND,PRODUCTION,UNUSED,2026-08-24T08:14:08.412Z
EVX26-WB-000091,WRISTBAND,PRODUCTION,UNUSED,2026-08-24T08:14:08.426Z
EVX26-WB-000092,WRISTBAND,PRODUCTION,UNUSED,2026-08-24T08:14:08.439Z
EVX26-WB-000093,WRISTBAND,PRODUCTION,UNUSED,2026-08-24T08:14:08.453Z
EVX26-WB-000094,WRISTBAND,PRODUCTION,UNUSED,2026-08-24T08:14:08.471Z
EVX26-WB-000095,WRISTBAND,PRODUCTION,UNUSED,2026-08-24T08:14:08.485Z
EVX26-WB-000096,WRISTBAND,PRODUCTION,UNUSED,2026-08-24T08:14:08.500Z
EVX26-WB-000097,WRISTBAND,PRODUCTION,UNUSED,2026-08-24T08:14:08.513Z
EVX26-WB-000098,WRISTBAND,PRODUCTION,UNUSED,2026-08-24T08:14:08.526Z
EVX26-WB-000099,WRISTBAND,PRODUCTION,UNUSED,2026-08-24T08:14:08.540Z
EVX26-WB-000100,WRISTBAND,PRODUCTION,UNUSED,2026-08-24T08:14:08.554Z
EVX26-WB-000101,WRISTBAND,PRODUCTION,UNUSED,2026-08-24T08:14:08.567Z
EVX26-WB-000102,WRISTBAND,PRODUCTION,UNUSED,2026-08-24T08:14:08.584Z
EVX26-WB-000103,WRISTBAND,PRODUCTION,UNUSED,2026-08-24T08:14:08.605Z
EVX26-WB-000104,WRISTBAND,PRODUCTION,UNUSED,2026-08-24T08:14:08.624Z
EVX26-WB-000105,WRISTBAND,PRODUCTION,UNUSED,2026-08-24T08:14:08.645Z
EVX26-WB-000106,WRISTBAND,PRODUCTION,UNUSED,2026-08-24T08:14:08.661Z
EVX26-WB-000107,WRISTBAND,PRODUCTION,UNUSED,2026-08-24T08:14:08.679Z
EVX26-WB-000108,WRISTBAND,PRODUCTION,UNUSED,2026-08-24T08:14:08.696Z
EVX26-WB-000109,WRISTBAND,PRODUCTION,UNUSED,2026-08-24T08:14:08.711Z
EVX26-WB-000110,WRISTBAND,PRODUCTION,UNUSED,2026-08-24T08:14:08.727Z
EVX26-WB-000111,WRISTBAND,PRODUCTION,UNUSED,2026-08-24T08:14:08.742Z
EVX26-WB-000112,WRISTBAND,PRODUCTION,UNUSED,2026-08-24T08:14:08.756Z
EVX26-WB-000113,WRISTBAND,PRODUCTION,UNUSED,2026-08-24T08:14:08.770Z
EVX26-WB-000114,WRISTBAND,PRODUCTION,UNUSED,2026-08-24T08:14:08.785Z
EVX26-WB-000115,WRISTBAND,PRODUCTION,UNUSED,2026-08-24T08:14:08.799Z
EVX26-WB-000116,WRISTBAND,PRODUCTION,UNUSED,2026-08-24T08:14:08.816Z
EVX26-WB-000117,WRISTBAND,PRODUCTION,UNUSED,2026-08-24T08:14:08.832Z
EVX26-WB-000118,WRISTBAND,PRODUCTION,UNUSED,2026-08-24T08:14:08.847Z
EVX26-WB-000119,WRISTBAND,PRODUCTION,UNUSED,2026-08-24T08:14:08.867Z
EVX26-WB-000120,WRISTBAND,PRODUCTION,UNUSED,2026-08-24T08:14:08.883Z
EVX26-WB-000121,WRISTBAND,PRODUCTION,UNUSED,2026-08-24T08:14:08.898Z
EVX26-WB-000122,WRISTBAND,PRODUCTION,UNUSED,2026-08-24T08:14:08.915Z
EVX26-WB-000123,WRISTBAND,PRODUCTION,UNUSED,2026-08-24T08:14:08.931Z
EVX26-WB-000124,WRISTBAND,PRODUCTION,UNUSED,2026-08-24T08:14:08.946Z
EVX26-WB-000125,WRISTBAND,PRODUCTION,UNUSED,2026-08-24T08:14:08.960Z
EVX26-WB-000126,WRISTBAND,PRODUCTION,UNUSED,2026-08-24T08:14:08.975Z
EVX26-WB-000127,WRISTBAND,PRODUCTION,UNUSED,2026-08-24T08:14:08.991Z
EVX26-WB-000128,WRISTBAND,PRODUCTION,UNUSED,2026-08-24T08:14:09.007Z
EVX26-WB-000129,WRISTBAND,PRODUCTION,UNUSED,2026-08-24T08:14:09.020Z
EVX26-WB-000130,WRISTBAND,PRODUCTION,UNUSED,2026-08-24T08:14:09.034Z
EVX26-WB-000131,WRISTBAND,PRODUCTION,UNUSED,2026-08-24T08:14:09.048Z
EVX26-WB-000132,WRISTBAND,PRODUCTION,UNUSED,2026-08-24T08:14:09.063Z
EVX26-WB-000133,WRISTBAND,PRODUCTION,UNUSED,2026-08-24T08:14:09.077Z
EVX26-WB-000134,WRISTBAND,PRODUCTION,UNUSED,2026-08-24T08:14:09.090Z
EVX26-WB-000135,WRISTBAND,PRODUCTION,UNUSED,2026-08-24T08:14:09.105Z
EVX26-WB-000136,WRISTBAND,PRODUCTION,UNUSED,2026-08-24T08:14:09.120Z
EVX26-WB-000137,WRISTBAND,PRODUCTION,UNUSED,2026-08-24T08:14:09.134Z
EVX26-WB-000138,WRISTBAND,PRODUCTION,UNUSED,2026-08-24T08:14:09.153Z
EVX26-WB-000139,WRISTBAND,PRODUCTION,UNUSED,2026-08-24T08:14:09.169Z
EVX26-WB-000140,WRISTBAND,PRODUCTION,UNUSED,2026-08-24T08:14:09.184Z
EVX26-WB-000141,WRISTBAND,PRODUCTION,UNUSED,2026-08-24T08:14:09.199Z
EVX26-WB-000142,WRISTBAND,PRODUCTION,UNUSED,2026-08-24T08:14:09.219Z
EVX26-WB-000143,WRISTBAND,PRODUCTION,UNUSED,2026-08-24T08:14:09.247Z
EVX26-WB-000144,WRISTBAND,PRODUCTION,UNUSED,2026-08-24T08:14:09.263Z
EVX26-WB-000145,WRISTBAND,PRODUCTION,UNUSED,2026-08-24T08:14:09.276Z
EVX26-WB-000146,WRISTBAND,PRODUCTION,UNUSED,2026-08-24T08:14:09.290Z
EVX26-WB-000147,WRISTBAND,PRODUCTION,UNUSED,2026-08-24T08:14:09.305Z
EVX26-WB-000148,WRISTBAND,PRODUCTION,UNUSED,2026-08-24T08:14:09.318Z
EVX26-WB-000149,WRISTBAND,PRODUCTION,UNUSED,2026-08-24T08:14:09.335Z
EVX26-WB-000150,WRISTBAND,PRODUCTION,UNUSED,2026-08-24T08:14:09.351Z
EVX26-WB-000151,WRISTBAND,PRODUCTION,UNUSED,2026-08-24T08:14:09.367Z
EVX26-WB-000152,WRISTBAND,PRODUCTION,UNUSED,2026-08-24T08:14:09.382Z
EVX26-WB-000153,WRISTBAND,PRODUCTION,UNUSED,2026-08-24T08:14:09.395Z
EVX26-WB-000154,WRISTBAND,PRODUCTION,UNUSED,2026-08-24T08:14:09.409Z
EVX26-WB-000155,WRISTBAND,PRODUCTION,UNUSED,2026-08-24T08:14:09.423Z
EVX26-WB-000156,WRISTBAND,PRODUCTION,UNUSED,2026-08-24T08:14:09.441Z
EVX26-WB-000157,WRISTBAND,PRODUCTION,UNUSED,2026-08-24T08:14:09.457Z
EVX26-WB-000158,WRISTBAND,PRODUCTION,UNUSED,2026-08-24T08:14:09.472Z
EVX26-WB-000159,WRISTBAND,PRODUCTION,UNUSED,2026-08-24T08:14:09.486Z
EVX26-WB-000160,WRISTBAND,PRODUCTION,UNUSED,2026-08-24T08:14:09.501Z
EVX26-WB-000161,WRISTBAND,PRODUCTION,UNUSED,2026-08-24T08:14:09.515Z
EVX26-WB-000162,WRISTBAND,PRODUCTION,UNUSED,2026-08-24T08:14:09.528Z
EVX26-WB-000163,WRISTBAND,PRODUCTION,UNUSED,2026-08-24T08:14:09.542Z
EVX26-WB-000164,WRISTBAND,PRODUCTION,UNUSED,2026-08-24T08:14:09.557Z
EVX26-WB-000165,WRISTBAND,PRODUCTION,UNUSED,2026-08-24T08:14:09.570Z
EVX26-WB-000166,WRISTBAND,PRODUCTION,UNUSED,2026-08-24T08:14:09.583Z
EVX26-WB-000167,WRISTBAND,PRODUCTION,UNUSED,2026-08-24T08:14:09.597Z
EVX26-WB-000168,WRISTBAND,PRODUCTION,UNUSED,2026-08-24T08:14:09.611Z
EVX26-WB-000169,WRISTBAND,PRODUCTION,UNUSED,2026-08-24T08:14:09.626Z
EVX26-WB-000170,WRISTBAND,PRODUCTION,UNUSED,2026-08-24T08:14:09.642Z
EVX26-WB-000171,WRISTBAND,PRODUCTION,UNUSED,2026-08-24T08:14:09.659Z
EVX26-WB-000172,WRISTBAND,PRODUCTION,UNUSED,2026-08-24T08:14:09.677Z
EVX26-WB-000173,WRISTBAND,PRODUCTION,UNUSED,2026-08-24T08:14:09.692Z
EVX26-WB-000174,WRISTBAND,PRODUCTION,UNUSED,2026-08-24T08:14:09.708Z
EVX26-WB-000175,WRISTBAND,PRODUCTION,UNUSED,2026-08-24T08:14:09.724Z
EVX26-WB-000176,WRISTBAND,PRODUCTION,UNUSED,2026-08-24T08:14:09.738Z
EVX26-WB-000177,WRISTBAND,PRODUCTION,UNUSED,2026-08-24T08:14:09.754Z
EVX26-WB-000178,WRISTBAND,PRODUCTION,UNUSED,2026-08-24T08:14:09.772Z
EVX26-WB-000179,WRISTBAND,PRODUCTION,UNUSED,2026-08-24T08:14:09.789Z
EVX26-WB-000180,WRISTBAND,PRODUCTION,UNUSED,2026-08-24T08:14:09.805Z
EVX26-WB-000181,WRISTBAND,PRODUCTION,UNUSED,2026-08-24T08:14:09.819Z
EVX26-WB-000182,WRISTBAND,PRODUCTION,UNUSED,2026-08-24T08:14:09.836Z
EVX26-WB-000183,WRISTBAND,PRODUCTION,UNUSED,2026-08-24T08:14:09.850Z
EVX26-WB-000184,WRISTBAND,PRODUCTION,UNUSED,2026-08-24T08:14:09.866Z
EVX26-WB-000185,WRISTBAND,PRODUCTION,UNUSED,2026-08-24T08:14:09.879Z
EVX26-WB-000186,WRISTBAND,PRODUCTION,UNUSED,2026-08-24T08:14:09.894Z
EVX26-WB-000187,WRISTBAND,PRODUCTION,UNUSED,2026-08-24T08:14:09.908Z
EVX26-WB-000188,WRISTBAND,PRODUCTION,UNUSED,2026-08-24T08:14:09.924Z
EVX26-WB-000189,WRISTBAND,PRODUCTION,UNUSED,2026-08-24T08:14:09.940Z
EVX26-WB-000190,WRISTBAND,PRODUCTION,UNUSED,2026-08-24T08:14:09.954Z
EVX26-WB-000191,WRISTBAND,PRODUCTION,UNUSED,2026-08-24T08:14:09.968Z
EVX26-WB-000192,WRISTBAND,PRODUCTION,UNUSED,2026-08-24T08:14:09.982Z
EVX26-WB-000193,WRISTBAND,PRODUCTION,UNUSED,2026-08-24T08:14:09.999Z
EVX26-WB-000194,WRISTBAND,PRODUCTION,UNUSED,2026-08-24T08:14:10.013Z
EVX26-WB-000195,WRISTBAND,PRODUCTION,UNUSED,2026-08-24T08:14:10.027Z
EVX26-WB-000196,WRISTBAND,PRODUCTION,UNUSED,2026-08-24T08:14:10.041Z
EVX26-WB-000197,WRISTBAND,PRODUCTION,UNUSED,2026-08-24T08:14:10.055Z
EVX26-WB-000198,WRISTBAND,PRODUCTION,UNUSED,2026-08-24T08:14:10.069Z
EVX26-WB-000199,WRISTBAND,PRODUCTION,UNUSED,2026-08-24T08:14:10.084Z
EVX26-WB-000200,WRISTBAND,PRODUCTION,UNUSED,2026-08-24T08:14:10.098Z
EVX26-WB-000201,WRISTBAND,PRODUCTION,UNUSED,2026-08-24T08:14:10.117Z
EVX26-WB-000202,WRISTBAND,PRODUCTION,UNUSED,2026-08-24T08:14:10.132Z
EVX26-WB-000203,WRISTBAND,PRODUCTION,UNUSED,2026-08-24T08:14:10.151Z
EVX26-WB-000204,WRISTBAND,PRODUCTION,UNUSED,2026-08-24T08:14:10.170Z
EVX26-WB-000205,WRISTBAND,PRODUCTION,UNUSED,2026-08-24T08:14:10.190Z
EVX26-WB-000206,WRISTBAND,PRODUCTION,UNUSED,2026-08-24T08:14:10.208Z
EVX26-WB-000207,WRISTBAND,PRODUCTION,UNUSED,2026-08-24T08:14:10.227Z
EVX26-WB-000208,WRISTBAND,PRODUCTION,UNUSED,2026-08-24T08:14:10.243Z
EVX26-WB-000209,WRISTBAND,PRODUCTION,UNUSED,2026-08-24T08:14:10.258Z
EVX26-WB-000210,WRISTBAND,PRODUCTION,UNUSED,2026-08-24T08:14:10.272Z
EVX26-WB-000211,WRISTBAND,PRODUCTION,UNUSED,2026-08-24T08:14:10.289Z
EVX26-WB-000212,WRISTBAND,PRODUCTION,UNUSED,2026-08-24T08:14:10.303Z
EVX26-WB-000213,WRISTBAND,PRODUCTION,UNUSED,2026-08-24T08:14:10.318Z
EVX26-WB-000214,WRISTBAND,PRODUCTION,UNUSED,2026-08-24T08:14:10.332Z
EVX26-WB-000215,WRISTBAND,PRODUCTION,UNUSED,2026-08-24T08:14:10.350Z
EVX26-WB-000216,WRISTBAND,PRODUCTION,UNUSED,2026-08-24T08:14:10.365Z
EVX26-WB-000217,WRISTBAND,PRODUCTION,UNUSED,2026-08-24T08:14:10.379Z
EVX26-WB-000218,WRISTBAND,PRODUCTION,UNUSED,2026-08-24T08:14:10.394Z
EVX26-WB-000219,WRISTBAND,PRODUCTION,UNUSED,2026-08-24T08:14:10.409Z
EVX26-WB-000220,WRISTBAND,PRODUCTION,UNUSED,2026-08-24T08:14:10.423Z
EVX26-WB-000221,WRISTBAND,PRODUCTION,UNUSED,2026-08-24T08:14:10.437Z
EVX26-WB-000222,WRISTBAND,PRODUCTION,UNUSED,2026-08-24T08:14:10.454Z
EVX26-WB-000223,WRISTBAND,PRODUCTION,UNUSED,2026-08-24T08:14:10.472Z
EVX26-WB-000224,WRISTBAND,PRODUCTION,UNUSED,2026-08-24T08:14:10.485Z
EVX26-WB-000225,WRISTBAND,PRODUCTION,UNUSED,2026-08-24T08:14:10.499Z
EVX26-WB-000226,WRISTBAND,PRODUCTION,UNUSED,2026-08-24T08:14:10.515Z
EVX26-WB-000227,WRISTBAND,PRODUCTION,UNUSED,2026-08-24T08:14:10.530Z
EVX26-WB-000228,WRISTBAND,PRODUCTION,UNUSED,2026-08-24T08:14:10.544Z
EVX26-WB-000229,WRISTBAND,PRODUCTION,UNUSED,2026-08-24T08:14:10.559Z
EVX26-WB-000230,WRISTBAND,PRODUCTION,UNUSED,2026-08-24T08:14:10.572Z
EVX26-WB-000231,WRISTBAND,PRODUCTION,UNUSED,2026-08-24T08:14:10.586Z
EVX26-WB-000232,WRISTBAND,PRODUCTION,UNUSED,2026-08-24T08:14:10.600Z
EVX26-WB-000233,WRISTBAND,PRODUCTION,UNUSED,2026-08-24T08:14:10.616Z
EVX26-WB-000234,WRISTBAND,PRODUCTION,UNUSED,2026-08-24T08:14:10.630Z
EVX26-WB-000235,WRISTBAND,PRODUCTION,UNUSED,2026-08-24T08:14:10.682Z
EVX26-WB-000236,WRISTBAND,PRODUCTION,UNUSED,2026-08-24T08:14:10.703Z
EVX26-WB-000237,WRISTBAND,PRODUCTION,UNUSED,2026-08-24T08:14:10.726Z
EVX26-WB-000238,WRISTBAND,PRODUCTION,UNUSED,2026-08-24T08:14:10.741Z
EVX26-WB-000239,WRISTBAND,PRODUCTION,UNUSED,2026-08-24T08:14:10.755Z
EVX26-WB-000240,WRISTBAND,PRODUCTION,UNUSED,2026-08-24T08:14:10.769Z
EVX26-WB-000241,WRISTBAND,PRODUCTION,UNUSED,2026-08-24T08:14:10.785Z
EVX26-WB-000242,WRISTBAND,PRODUCTION,UNUSED,2026-08-24T08:14:10.799Z
EVX26-WB-000243,WRISTBAND,PRODUCTION,UNUSED,2026-08-24T08:14:10.813Z
EVX26-WB-000244,WRISTBAND,PRODUCTION,UNUSED,2026-08-24T08:14:10.828Z
EVX26-WB-000245,WRISTBAND,PRODUCTION,UNUSED,2026-08-24T08:14:10.842Z
EVX26-WB-000246,WRISTBAND,PRODUCTION,UNUSED,2026-08-24T08:14:10.857Z
EVX26-WB-000247,WRISTBAND,PRODUCTION,UNUSED,2026-08-24T08:14:10.872Z
EVX26-WB-000248,WRISTBAND,PRODUCTION,UNUSED,2026-08-24T08:14:10.888Z
EVX26-WB-000249,WRISTBAND,PRODUCTION,UNUSED,2026-08-24T08:14:10.905Z
EVX26-WB-000250,WRISTBAND,PRODUCTION,UNUSED,2026-08-24T08:14:10.920Z
EVX26-WB-000251,WRISTBAND,PRODUCTION,UNUSED,2026-08-24T08:14:10.936Z
EVX26-WB-000252,WRISTBAND,PRODUCTION,UNUSED,2026-08-24T08:14:10.951Z
EVX26-WB-000253,WRISTBAND,PRODUCTION,UNUSED,2026-08-24T08:14:10.966Z
EVX26-WB-000254,WRISTBAND,PRODUCTION,UNUSED,2026-08-24T08:14:10.981Z
EVX26-WB-000255,WRISTBAND,PRODUCTION,UNUSED,2026-08-24T08:14:10.998Z
EVX26-WB-000256,WRISTBAND,PRODUCTION,UNUSED,2026-08-24T08:14:11.014Z
EVX26-WB-000257,WRISTBAND,PRODUCTION,UNUSED,2026-08-24T08:14:11.030Z
EVX26-WB-000258,WRISTBAND,PRODUCTION,UNUSED,2026-08-24T08:14:11.045Z
EVX26-WB-000259,WRISTBAND,PRODUCTION,UNUSED,2026-08-24T08:14:11.061Z
EVX26-WB-000260,WRISTBAND,PRODUCTION,UNUSED,2026-08-24T08:14:11.082Z
EVX26-WB-000261,WRISTBAND,PRODUCTION,UNUSED,2026-08-24T08:14:11.098Z
EVX26-WB-000262,WRISTBAND,PRODUCTION,UNUSED,2026-08-24T08:14:11.111Z
EVX26-WB-000263,WRISTBAND,PRODUCTION,UNUSED,2026-08-24T08:14:11.126Z
EVX26-WB-000264,WRISTBAND,PRODUCTION,UNUSED,2026-08-24T08:14:11.143Z
EVX26-WB-000265,WRISTBAND,PRODUCTION,UNUSED,2026-08-24T08:14:11.160Z
EVX26-WB-000266,WRISTBAND,PRODUCTION,UNUSED,2026-08-24T08:14:11.175Z
EVX26-WB-000267,WRISTBAND,PRODUCTION,UNUSED,2026-08-24T08:14:11.189Z
EVX26-WB-000268,WRISTBAND,PRODUCTION,UNUSED,2026-08-24T08:14:11.205Z
EVX26-WB-000269,WRISTBAND,PRODUCTION,UNUSED,2026-08-24T08:14:11.221Z
EVX26-WB-000270,WRISTBAND,PRODUCTION,UNUSED,2026-08-24T08:14:11.234Z
EVX26-WB-000271,WRISTBAND,PRODUCTION,UNUSED,2026-08-24T08:14:11.249Z
EVX26-WB-000272,WRISTBAND,PRODUCTION,UNUSED,2026-08-24T08:14:11.263Z
EVX26-WB-000273,WRISTBAND,PRODUCTION,UNUSED,2026-08-24T08:14:11.276Z
EVX26-WB-000274,WRISTBAND,PRODUCTION,UNUSED,2026-08-24T08:14:11.292Z
EVX26-WB-000275,WRISTBAND,PRODUCTION,UNUSED,2026-08-24T08:14:11.306Z
EVX26-WB-000276,WRISTBAND,PRODUCTION,UNUSED,2026-08-24T08:14:11.322Z
EVX26-WB-000277,WRISTBAND,PRODUCTION,UNUSED,2026-08-24T08:14:11.340Z
EVX26-WB-000278,WRISTBAND,PRODUCTION,UNUSED,2026-08-24T08:14:11.359Z
EVX26-WB-000279,WRISTBAND,PRODUCTION,UNUSED,2026-08-24T08:14:11.373Z
EVX26-WB-000280,WRISTBAND,PRODUCTION,UNUSED,2026-08-24T08:14:11.389Z
EVX26-WB-000281,WRISTBAND,PRODUCTION,UNUSED,2026-08-24T08:14:11.408Z
EVX26-WB-000282,WRISTBAND,PRODUCTION,UNUSED,2026-08-24T08:14:11.423Z
EVX26-WB-000283,WRISTBAND,PRODUCTION,UNUSED,2026-08-24T08:14:11.439Z
EVX26-WB-000284,WRISTBAND,PRODUCTION,UNUSED,2026-08-24T08:14:11.453Z
EVX26-WB-000285,WRISTBAND,PRODUCTION,UNUSED,2026-08-24T08:14:11.466Z
EVX26-WB-000286,WRISTBAND,PRODUCTION,UNUSED,2026-08-24T08:14:11.480Z
EVX26-WB-000287,WRISTBAND,PRODUCTION,UNUSED,2026-08-24T08:14:11.494Z
EVX26-WB-000288,WRISTBAND,PRODUCTION,UNUSED,2026-08-24T08:14:11.510Z
EVX26-WB-000289,WRISTBAND,PRODUCTION,UNUSED,2026-08-24T08:14:11.523Z
EVX26-WB-000290,WRISTBAND,PRODUCTION,UNUSED,2026-08-24T08:14:11.538Z
EVX26-WB-000291,WRISTBAND,PRODUCTION,UNUSED,2026-08-24T08:14:11.552Z
EVX26-WB-000292,WRISTBAND,PRODUCTION,UNUSED,2026-08-24T08:14:11.568Z
EVX26-WB-000293,WRISTBAND,PRODUCTION,UNUSED,2026-08-24T08:14:11.583Z
EVX26-WB-000294,WRISTBAND,PRODUCTION,UNUSED,2026-08-24T08:14:11.599Z
EVX26-WB-000295,WRISTBAND,PRODUCTION,UNUSED,2026-08-24T08:14:11.612Z
EVX26-WB-000296,WRISTBAND,PRODUCTION,UNUSED,2026-08-24T08:14:11.628Z
EVX26-WB-000297,WRISTBAND,PRODUCTION,UNUSED,2026-08-24T08:14:11.642Z
EVX26-WB-000298,WRISTBAND,PRODUCTION,UNUSED,2026-08-24T08:14:11.658Z
EVX26-WB-000299,WRISTBAND,PRODUCTION,UNUSED,2026-08-24T08:14:11.679Z
EVX26-WB-000300,WRISTBAND,PRODUCTION,UNUSED,2026-08-24T08:14:11.696Z
EVX26-WB-000301,WRISTBAND,PRODUCTION,UNUSED,2026-08-24T08:14:11.711Z
EVX26-WB-000302,WRISTBAND,PRODUCTION,UNUSED,2026-08-24T08:14:11.729Z
EVX26-WB-000303,WRISTBAND,PRODUCTION,UNUSED,2026-08-24T08:14:11.747Z
EVX26-WB-000304,WRISTBAND,PRODUCTION,UNUSED,2026-08-24T08:14:11.763Z
EVX26-WB-000305,WRISTBAND,PRODUCTION,UNUSED,2026-08-24T08:14:11.778Z
EVX26-WB-000306,WRISTBAND,PRODUCTION,UNUSED,2026-08-24T08:14:11.794Z
EVX26-WB-000307,WRISTBAND,PRODUCTION,UNUSED,2026-08-24T08:14:11.811Z
EVX26-WB-000308,WRISTBAND,PRODUCTION,UNUSED,2026-08-24T08:14:11.830Z
EVX26-WB-000309,WRISTBAND,PRODUCTION,UNUSED,2026-08-24T08:14:11.846Z
EVX26-WB-000310,WRISTBAND,PRODUCTION,UNUSED,2026-08-24T08:14:11.863Z
EVX26-WB-000311,WRISTBAND,PRODUCTION,UNUSED,2026-08-24T08:14:11.877Z
EVX26-WB-000312,WRISTBAND,PRODUCTION,UNUSED,2026-08-24T08:14:11.891Z
EVX26-WB-000313,WRISTBAND,PRODUCTION,UNUSED,2026-08-24T08:14:11.907Z
EVX26-WB-000314,WRISTBAND,PRODUCTION,UNUSED,2026-08-24T08:14:11.922Z
EVX26-WB-000315,WRISTBAND,PRODUCTION,UNUSED,2026-08-24T08:14:11.937Z
EVX26-WB-000316,WRISTBAND,PRODUCTION,UNUSED,2026-08-24T08:14:11.951Z
EVX26-WB-000317,WRISTBAND,PRODUCTION,UNUSED,2026-08-24T08:14:11.965Z
EVX26-WB-000318,WRISTBAND,PRODUCTION,UNUSED,2026-08-24T08:14:11.980Z
EVX26-WB-000319,WRISTBAND,PRODUCTION,UNUSED,2026-08-24T08:14:11.997Z
EVX26-WB-000320,WRISTBAND,PRODUCTION,UNUSED,2026-08-24T08:14:12.013Z
EVX26-WB-000321,WRISTBAND,PRODUCTION,UNUSED,2026-08-24T08:14:12.027Z
EVX26-WB-000322,WRISTBAND,PRODUCTION,UNUSED,2026-08-24T08:14:12.043Z
EVX26-WB-000323,WRISTBAND,PRODUCTION,UNUSED,2026-08-24T08:14:12.058Z
EVX26-WB-000324,WRISTBAND,PRODUCTION,UNUSED,2026-08-24T08:14:12.073Z
EVX26-WB-000325,WRISTBAND,PRODUCTION,UNUSED,2026-08-24T08:14:12.089Z
EVX26-WB-000326,WRISTBAND,PRODUCTION,UNUSED,2026-08-24T08:14:12.106Z
EVX26-WB-000327,WRISTBAND,PRODUCTION,UNUSED,2026-08-24T08:14:12.123Z
EVX26-WB-000328,WRISTBAND,PRODUCTION,UNUSED,2026-08-24T08:14:12.139Z
EVX26-WB-000329,WRISTBAND,PRODUCTION,UNUSED,2026-08-24T08:14:12.153Z
EVX26-WB-000330,WRISTBAND,PRODUCTION,UNUSED,2026-08-24T08:14:12.168Z
EVX26-WB-000331,WRISTBAND,PRODUCTION,UNUSED,2026-08-24T08:14:12.184Z
EVX26-WB-000332,WRISTBAND,PRODUCTION,UNUSED,2026-08-24T08:14:12.197Z
EVX26-WB-000333,WRISTBAND,PRODUCTION,UNUSED,2026-08-24T08:14:12.211Z
EVX26-WB-000334,WRISTBAND,PRODUCTION,UNUSED,2026-08-24T08:14:12.228Z
EVX26-WB-000335,WRISTBAND,PRODUCTION,UNUSED,2026-08-24T08:14:12.244Z
EVX26-WB-000336,WRISTBAND,PRODUCTION,UNUSED,2026-08-24T08:14:12.261Z
EVX26-WB-000337,WRISTBAND,PRODUCTION,UNUSED,2026-08-24T08:14:12.275Z
EVX26-WB-000338,WRISTBAND,PRODUCTION,UNUSED,2026-08-24T08:14:12.292Z
EVX26-WB-000339,WRISTBAND,PRODUCTION,UNUSED,2026-08-24T08:14:12.305Z
EVX26-WB-000340,WRISTBAND,PRODUCTION,UNUSED,2026-08-24T08:14:12.320Z
EVX26-WB-000341,WRISTBAND,PRODUCTION,UNUSED,2026-08-24T08:14:12.333Z
EVX26-WB-000342,WRISTBAND,PRODUCTION,UNUSED,2026-08-24T08:14:12.349Z
EVX26-WB-000343,WRISTBAND,PRODUCTION,UNUSED,2026-08-24T08:14:12.364Z
EVX26-WB-000344,WRISTBAND,PRODUCTION,UNUSED,2026-08-24T08:14:12.379Z
EVX26-WB-000345,WRISTBAND,PRODUCTION,UNUSED,2026-08-24T08:14:12.394Z
EVX26-WB-000346,WRISTBAND,PRODUCTION,UNUSED,2026-08-24T08:14:12.410Z
EVX26-WB-000347,WRISTBAND,PRODUCTION,UNUSED,2026-08-24T08:14:12.429Z
EVX26-WB-000348,WRISTBAND,PRODUCTION,UNUSED,2026-08-24T08:14:12.446Z
EVX26-WB-000349,WRISTBAND,PRODUCTION,UNUSED,2026-08-24T08:14:12.460Z
EVX26-WB-000350,WRISTBAND,PRODUCTION,UNUSED,2026-08-24T08:14:12.475Z
EVX26-WB-000351,WRISTBAND,PRODUCTION,UNUSED,2026-08-24T08:14:12.490Z
EVX26-WB-000352,WRISTBAND,PRODUCTION,UNUSED,2026-08-24T08:14:12.505Z
EVX26-WB-000353,WRISTBAND,PRODUCTION,UNUSED,2026-08-24T08:14:12.519Z
EVX26-WB-000354,WRISTBAND,PRODUCTION,UNUSED,2026-08-24T08:14:12.532Z
EVX26-WB-000355,WRISTBAND,PRODUCTION,UNUSED,2026-08-24T08:14:12.547Z
EVX26-WB-000356,WRISTBAND,PRODUCTION,UNUSED,2026-08-24T08:14:12.563Z
EVX26-WB-000357,WRISTBAND,PRODUCTION,UNUSED,2026-08-24T08:14:12.578Z
EVX26-WB-000358,WRISTBAND,PRODUCTION,UNUSED,2026-08-24T08:14:12.592Z
EVX26-WB-000359,WRISTBAND,PRODUCTION,UNUSED,2026-08-24T08:14:12.605Z
EVX26-WB-000360,WRISTBAND,PRODUCTION,UNUSED,2026-08-24T08:14:12.622Z
EVX26-WB-000361,WRISTBAND,PRODUCTION,UNUSED,2026-08-24T08:14:12.638Z
EVX26-WB-000362,WRISTBAND,PRODUCTION,UNUSED,2026-08-24T08:14:12.653Z
EVX26-WB-000363,WRISTBAND,PRODUCTION,UNUSED,2026-08-24T08:14:12.670Z
EVX26-WB-000364,WRISTBAND,PRODUCTION,UNUSED,2026-08-24T08:14:12.690Z
EVX26-WB-000365,WRISTBAND,PRODUCTION,UNUSED,2026-08-24T08:14:12.707Z
EVX26-WB-000366,WRISTBAND,PRODUCTION,UNUSED,2026-08-24T08:14:12.721Z
EVX26-WB-000367,WRISTBAND,PRODUCTION,UNUSED,2026-08-24T08:14:12.739Z
EVX26-WB-000368,WRISTBAND,PRODUCTION,UNUSED,2026-08-24T08:14:12.753Z
EVX26-WB-000369,WRISTBAND,PRODUCTION,UNUSED,2026-08-24T08:14:12.769Z
EVX26-WB-000370,WRISTBAND,PRODUCTION,UNUSED,2026-08-24T08:14:12.786Z
EVX26-WB-000371,WRISTBAND,PRODUCTION,UNUSED,2026-08-24T08:14:12.801Z
EVX26-WB-000372,WRISTBAND,PRODUCTION,UNUSED,2026-08-24T08:14:12.815Z
EVX26-WB-000373,WRISTBAND,PRODUCTION,UNUSED,2026-08-24T08:14:12.829Z
EVX26-WB-000374,WRISTBAND,PRODUCTION,UNUSED,2026-08-24T08:14:12.843Z
EVX26-WB-000375,WRISTBAND,PRODUCTION,UNUSED,2026-08-24T08:14:12.861Z
EVX26-WB-000376,WRISTBAND,PRODUCTION,UNUSED,2026-08-24T08:14:12.875Z
EVX26-WB-000377,WRISTBAND,PRODUCTION,UNUSED,2026-08-24T08:14:12.891Z
EVX26-WB-000378,WRISTBAND,PRODUCTION,UNUSED,2026-08-24T08:14:12.906Z
EVX26-WB-000379,WRISTBAND,PRODUCTION,UNUSED,2026-08-24T08:14:12.921Z
EVX26-WB-000380,WRISTBAND,PRODUCTION,UNUSED,2026-08-24T08:14:12.939Z
EVX26-WB-000381,WRISTBAND,PRODUCTION,UNUSED,2026-08-24T08:14:12.954Z
EVX26-WB-000382,WRISTBAND,PRODUCTION,UNUSED,2026-08-24T08:14:12.967Z
EVX26-WB-000383,WRISTBAND,PRODUCTION,UNUSED,2026-08-24T08:14:12.981Z
EVX26-WB-000384,WRISTBAND,PRODUCTION,UNUSED,2026-08-24T08:14:12.995Z
EVX26-WB-000385,WRISTBAND,PRODUCTION,UNUSED,2026-08-24T08:14:13.009Z
EVX26-WB-000386,WRISTBAND,PRODUCTION,UNUSED,2026-08-24T08:14:13.023Z
EVX26-WB-000387,WRISTBAND,PRODUCTION,UNUSED,2026-08-24T08:14:13.038Z
EVX26-WB-000388,WRISTBAND,PRODUCTION,UNUSED,2026-08-24T08:14:13.052Z
EVX26-WB-000389,WRISTBAND,PRODUCTION,UNUSED,2026-08-24T08:14:13.067Z
EVX26-WB-000390,WRISTBAND,PRODUCTION,UNUSED,2026-08-24T08:14:13.082Z
EVX26-WB-000391,WRISTBAND,PRODUCTION,UNUSED,2026-08-24T08:14:13.099Z
EVX26-WB-000392,WRISTBAND,PRODUCTION,UNUSED,2026-08-24T08:14:13.117Z
EVX26-WB-000393,WRISTBAND,PRODUCTION,UNUSED,2026-08-24T08:14:13.138Z
EVX26-WB-000394,WRISTBAND,PRODUCTION,UNUSED,2026-08-24T08:14:13.152Z
EVX26-WB-000395,WRISTBAND,PRODUCTION,UNUSED,2026-08-24T08:14:13.167Z
EVX26-WB-000396,WRISTBAND,PRODUCTION,UNUSED,2026-08-24T08:14:13.184Z
EVX26-WB-000397,WRISTBAND,PRODUCTION,UNUSED,2026-08-24T08:14:13.198Z
EVX26-WB-000398,WRISTBAND,PRODUCTION,UNUSED,2026-08-24T08:14:13.212Z
EVX26-WB-000399,WRISTBAND,PRODUCTION,UNUSED,2026-08-24T08:14:13.228Z
EVX26-WB-000400,WRISTBAND,PRODUCTION,UNUSED,2026-08-24T08:14:13.251Z
EVX26-WB-000401,WRISTBAND,PRODUCTION,UNUSED,2026-08-24T08:14:13.273Z
EVX26-WB-000402,WRISTBAND,PRODUCTION,UNUSED,2026-08-24T08:14:13.290Z
EVX26-WB-000403,WRISTBAND,PRODUCTION,UNUSED,2026-08-24T08:14:13.306Z
EVX26-WB-000404,WRISTBAND,PRODUCTION,UNUSED,2026-08-24T08:14:13.321Z
EVX26-WB-000405,WRISTBAND,PRODUCTION,UNUSED,2026-08-24T08:14:13.338Z
EVX26-WB-000406,WRISTBAND,PRODUCTION,UNUSED,2026-08-24T08:14:13.357Z
EVX26-WB-000407,WRISTBAND,PRODUCTION,UNUSED,2026-08-24T08:14:13.374Z
EVX26-WB-000408,WRISTBAND,PRODUCTION,UNUSED,2026-08-24T08:14:13.393Z
EVX26-WB-000409,WRISTBAND,PRODUCTION,UNUSED,2026-08-24T08:14:13.407Z
EVX26-WB-000410,WRISTBAND,PRODUCTION,UNUSED,2026-08-24T08:14:13.422Z
EVX26-WB-000411,WRISTBAND,PRODUCTION,UNUSED,2026-08-24T08:14:13.441Z
EVX26-WB-000412,WRISTBAND,PRODUCTION,UNUSED,2026-08-24T08:14:13.459Z
EVX26-WB-000413,WRISTBAND,PRODUCTION,UNUSED,2026-08-24T08:14:13.474Z
EVX26-WB-000414,WRISTBAND,PRODUCTION,UNUSED,2026-08-24T08:14:13.489Z
EVX26-WB-000415,WRISTBAND,PRODUCTION,UNUSED,2026-08-24T08:14:13.502Z
EVX26-WB-000416,WRISTBAND,PRODUCTION,UNUSED,2026-08-24T08:14:13.519Z
EVX26-WB-000417,WRISTBAND,PRODUCTION,UNUSED,2026-08-24T08:14:13.535Z
EVX26-WB-000418,WRISTBAND,PRODUCTION,UNUSED,2026-08-24T08:14:13.548Z
EVX26-WB-000419,WRISTBAND,PRODUCTION,UNUSED,2026-08-24T08:14:13.564Z
EVX26-WB-000420,WRISTBAND,PRODUCTION,UNUSED,2026-08-24T08:14:13.579Z
EVX26-WB-000421,WRISTBAND,PRODUCTION,UNUSED,2026-08-24T08:14:13.592Z
EVX26-WB-000422,WRISTBAND,PRODUCTION,UNUSED,2026-08-24T08:14:13.606Z
EVX26-WB-000423,WRISTBAND,PRODUCTION,UNUSED,2026-08-24T08:14:13.621Z
EVX26-WB-000424,WRISTBAND,PRODUCTION,UNUSED,2026-08-24T08:14:13.637Z
EVX26-WB-000425,WRISTBAND,PRODUCTION,UNUSED,2026-08-24T08:14:13.651Z
EVX26-WB-000426,WRISTBAND,PRODUCTION,UNUSED,2026-08-24T08:14:13.665Z
EVX26-WB-000427,WRISTBAND,PRODUCTION,UNUSED,2026-08-24T08:14:13.680Z
EVX26-WB-000428,WRISTBAND,PRODUCTION,UNUSED,2026-08-24T08:14:13.699Z
EVX26-WB-000429,WRISTBAND,PRODUCTION,UNUSED,2026-08-24T08:14:13.713Z
EVX26-WB-000430,WRISTBAND,PRODUCTION,UNUSED,2026-08-24T08:14:13.729Z
EVX26-WB-000431,WRISTBAND,PRODUCTION,UNUSED,2026-08-24T08:14:13.744Z
EVX26-WB-000432,WRISTBAND,PRODUCTION,UNUSED,2026-08-24T08:14:13.758Z
EVX26-WB-000433,WRISTBAND,PRODUCTION,UNUSED,2026-08-24T08:14:13.772Z
EVX26-WB-000434,WRISTBAND,PRODUCTION,UNUSED,2026-08-24T08:14:13.791Z
EVX26-WB-000435,WRISTBAND,PRODUCTION,UNUSED,2026-08-24T08:14:13.810Z
EVX26-WB-000436,WRISTBAND,PRODUCTION,UNUSED,2026-08-24T08:14:13.823Z
EVX26-WB-000437,WRISTBAND,PRODUCTION,UNUSED,2026-08-24T08:14:13.837Z
EVX26-WB-000438,WRISTBAND,PRODUCTION,UNUSED,2026-08-24T08:14:13.851Z
EVX26-WB-000439,WRISTBAND,PRODUCTION,UNUSED,2026-08-24T08:14:13.869Z
EVX26-WB-000440,WRISTBAND,PRODUCTION,UNUSED,2026-08-24T08:14:13.884Z
EVX26-WB-000441,WRISTBAND,PRODUCTION,UNUSED,2026-08-24T08:14:13.899Z
EVX26-WB-000442,WRISTBAND,PRODUCTION,UNUSED,2026-08-24T08:14:13.913Z
EVX26-WB-000443,WRISTBAND,PRODUCTION,UNUSED,2026-08-24T08:14:13.927Z
EVX26-WB-000444,WRISTBAND,PRODUCTION,UNUSED,2026-08-24T08:14:13.941Z
EVX26-WB-000445,WRISTBAND,PRODUCTION,UNUSED,2026-08-24T08:14:13.958Z
EVX26-WB-000446,WRISTBAND,PRODUCTION,UNUSED,2026-08-24T08:14:13.972Z
EVX26-WB-000447,WRISTBAND,PRODUCTION,UNUSED,2026-08-24T08:14:13.987Z
EVX26-WB-000448,WRISTBAND,PRODUCTION,UNUSED,2026-08-24T08:14:14.004Z
EVX26-WB-000449,WRISTBAND,PRODUCTION,UNUSED,2026-08-24T08:14:14.017Z
EVX26-WB-000450,WRISTBAND,PRODUCTION,UNUSED,2026-08-24T08:14:14.030Z
EVX26-WB-000451,WRISTBAND,PRODUCTION,UNUSED,2026-08-24T08:14:14.045Z
EVX26-WB-000452,WRISTBAND,PRODUCTION,UNUSED,2026-08-24T08:14:14.060Z
EVX26-WB-000453,WRISTBAND,PRODUCTION,UNUSED,2026-08-24T08:14:14.073Z
EVX26-WB-000454,WRISTBAND,PRODUCTION,UNUSED,2026-08-24T08:14:14.090Z
EVX26-WB-000455,WRISTBAND,PRODUCTION,UNUSED,2026-08-24T08:14:14.110Z
EVX26-WB-000456,WRISTBAND,PRODUCTION,UNUSED,2026-08-24T08:14:14.127Z
EVX26-WB-000457,WRISTBAND,PRODUCTION,UNUSED,2026-08-24T08:14:14.169Z
EVX26-WB-000458,WRISTBAND,PRODUCTION,UNUSED,2026-08-24T08:14:14.196Z
EVX26-WB-000459,WRISTBAND,PRODUCTION,UNUSED,2026-08-24T08:14:14.213Z
EVX26-WB-000460,WRISTBAND,PRODUCTION,UNUSED,2026-08-24T08:14:14.230Z
EVX26-WB-000461,WRISTBAND,PRODUCTION,UNUSED,2026-08-24T08:14:14.244Z
EVX26-WB-000462,WRISTBAND,PRODUCTION,UNUSED,2026-08-24T08:14:14.258Z
EVX26-WB-000463,WRISTBAND,PRODUCTION,UNUSED,2026-08-24T08:14:14.273Z
EVX26-WB-000464,WRISTBAND,PRODUCTION,UNUSED,2026-08-24T08:14:14.288Z
EVX26-WB-000465,WRISTBAND,PRODUCTION,UNUSED,2026-08-24T08:14:14.302Z
EVX26-WB-000466,WRISTBAND,PRODUCTION,UNUSED,2026-08-24T08:14:14.320Z
EVX26-WB-000467,WRISTBAND,PRODUCTION,UNUSED,2026-08-24T08:14:14.334Z
EVX26-WB-000468,WRISTBAND,PRODUCTION,UNUSED,2026-08-24T08:14:14.351Z
EVX26-WB-000469,WRISTBAND,PRODUCTION,UNUSED,2026-08-24T08:14:14.366Z
EVX26-WB-000470,WRISTBAND,PRODUCTION,UNUSED,2026-08-24T08:14:14.379Z
EVX26-WB-000471,WRISTBAND,PRODUCTION,UNUSED,2026-08-24T08:14:14.396Z
EVX26-WB-000472,WRISTBAND,PRODUCTION,UNUSED,2026-08-24T08:14:14.411Z
EVX26-WB-000473,WRISTBAND,PRODUCTION,UNUSED,2026-08-24T08:14:14.428Z
EVX26-WB-000474,WRISTBAND,PRODUCTION,UNUSED,2026-08-24T08:14:14.444Z
EVX26-WB-000475,WRISTBAND,PRODUCTION,UNUSED,2026-08-24T08:14:14.459Z
EVX26-WB-000476,WRISTBAND,PRODUCTION,UNUSED,2026-08-24T08:14:14.475Z
EVX26-WB-000477,WRISTBAND,PRODUCTION,UNUSED,2026-08-24T08:14:14.493Z
EVX26-WB-000478,WRISTBAND,PRODUCTION,UNUSED,2026-08-24T08:14:14.519Z
EVX26-WB-000479,WRISTBAND,PRODUCTION,UNUSED,2026-08-24T08:14:14.537Z
EVX26-WB-000480,WRISTBAND,PRODUCTION,UNUSED,2026-08-24T08:14:14.552Z
EVX26-WB-000481,WRISTBAND,PRODUCTION,UNUSED,2026-08-24T08:14:14.566Z
EVX26-WB-000482,WRISTBAND,PRODUCTION,UNUSED,2026-08-24T08:14:14.581Z
EVX26-WB-000483,WRISTBAND,PRODUCTION,UNUSED,2026-08-24T08:14:14.596Z
EVX26-WB-000484,WRISTBAND,PRODUCTION,UNUSED,2026-08-24T08:14:14.611Z
EVX26-WB-000485,WRISTBAND,PRODUCTION,UNUSED,2026-08-24T08:14:14.629Z
EVX26-WB-000486,WRISTBAND,PRODUCTION,UNUSED,2026-08-24T08:14:14.647Z
EVX26-WB-000487,WRISTBAND,PRODUCTION,UNUSED,2026-08-24T08:14:14.662Z
EVX26-WB-000488,WRISTBAND,PRODUCTION,UNUSED,2026-08-24T08:14:14.676Z
EVX26-WB-000489,WRISTBAND,PRODUCTION,UNUSED,2026-08-24T08:14:14.691Z
EVX26-WB-000490,WRISTBAND,PRODUCTION,UNUSED,2026-08-24T08:14:14.704Z
EVX26-WB-000491,WRISTBAND,PRODUCTION,UNUSED,2026-08-24T08:14:14.717Z
EVX26-WB-000492,WRISTBAND,PRODUCTION,UNUSED,2026-08-24T08:14:14.733Z
EVX26-WB-000493,WRISTBAND,PRODUCTION,UNUSED,2026-08-24T08:14:14.752Z
EVX26-WB-000494,WRISTBAND,PRODUCTION,UNUSED,2026-08-24T08:14:14.767Z
EVX26-WB-000495,WRISTBAND,PRODUCTION,UNUSED,2026-08-24T08:14:14.786Z
EVX26-WB-000496,WRISTBAND,PRODUCTION,UNUSED,2026-08-24T08:14:14.812Z
EVX26-WB-000497,WRISTBAND,PRODUCTION,UNUSED,2026-08-24T08:14:14.840Z
EVX26-WB-000498,WRISTBAND,PRODUCTION,UNUSED,2026-08-24T08:14:14.865Z
EVX26-WB-000499,WRISTBAND,PRODUCTION,UNUSED,2026-08-24T08:14:14.889Z
EVX26-WB-000500,WRISTBAND,PRODUCTION,UNUSED,2026-08-24T08:14:14.910Z
EVX26-WB-000501,WRISTBAND,PRODUCTION,UNUSED,2026-08-24T08:14:14.937Z
EVX26-WB-000502,WRISTBAND,PRODUCTION,UNUSED,2026-08-24T08:14:14.957Z
EVX26-WB-000503,WRISTBAND,PRODUCTION,UNUSED,2026-08-24T08:14:14.973Z
EVX26-WB-000504,WRISTBAND,PRODUCTION,UNUSED,2026-08-24T08:14:14.988Z
EVX26-WB-000505,WRISTBAND,PRODUCTION,UNUSED,2026-08-24T08:14:15.003Z
EVX26-WB-000506,WRISTBAND,PRODUCTION,UNUSED,2026-08-24T08:14:15.024Z
EVX26-WB-000507,WRISTBAND,PRODUCTION,UNUSED,2026-08-24T08:14:15.040Z
EVX26-WB-000508,WRISTBAND,PRODUCTION,UNUSED,2026-08-24T08:14:15.054Z
EVX26-WB-000509,WRISTBAND,PRODUCTION,UNUSED,2026-08-24T08:14:15.067Z
EVX26-WB-000510,WRISTBAND,PRODUCTION,UNUSED,2026-08-24T08:14:15.082Z
EVX26-WB-000511,WRISTBAND,PRODUCTION,UNUSED,2026-08-24T08:14:15.096Z
EVX26-WB-000512,WRISTBAND,PRODUCTION,UNUSED,2026-08-24T08:14:15.110Z
EVX26-WB-000513,WRISTBAND,PRODUCTION,UNUSED,2026-08-24T08:14:15.124Z
EVX26-WB-000514,WRISTBAND,PRODUCTION,UNUSED,2026-08-24T08:14:15.140Z
EVX26-WB-000515,WRISTBAND,PRODUCTION,UNUSED,2026-08-24T08:14:15.154Z
EVX26-WB-000516,WRISTBAND,PRODUCTION,UNUSED,2026-08-24T08:14:15.168Z
EVX26-WB-000517,WRISTBAND,PRODUCTION,UNUSED,2026-08-24T08:14:15.182Z
EVX26-WB-000518,WRISTBAND,PRODUCTION,UNUSED,2026-08-24T08:14:15.195Z
EVX26-WB-000519,WRISTBAND,PRODUCTION,UNUSED,2026-08-24T08:14:15.211Z
EVX26-WB-000520,WRISTBAND,PRODUCTION,UNUSED,2026-08-24T08:14:15.228Z
EVX26-WB-000521,WRISTBAND,PRODUCTION,UNUSED,2026-08-24T08:14:15.242Z
EVX26-WB-000522,WRISTBAND,PRODUCTION,UNUSED,2026-08-24T08:14:15.257Z
EVX26-WB-000523,WRISTBAND,PRODUCTION,UNUSED,2026-08-24T08:14:15.274Z
EVX26-WB-000524,WRISTBAND,PRODUCTION,UNUSED,2026-08-24T08:14:15.290Z
EVX26-WB-000525,WRISTBAND,PRODUCTION,UNUSED,2026-08-24T08:14:15.304Z
EVX26-WB-000526,WRISTBAND,PRODUCTION,UNUSED,2026-08-24T08:14:15.319Z
EVX26-WB-000527,WRISTBAND,PRODUCTION,UNUSED,2026-08-24T08:14:15.332Z
EVX26-WB-000528,WRISTBAND,PRODUCTION,UNUSED,2026-08-24T08:14:15.346Z
EVX26-WB-000529,WRISTBAND,PRODUCTION,UNUSED,2026-08-24T08:14:15.360Z
EVX26-WB-000530,WRISTBAND,PRODUCTION,UNUSED,2026-08-24T08:14:15.377Z
EVX26-WB-000531,WRISTBAND,PRODUCTION,UNUSED,2026-08-24T08:14:15.393Z
EVX26-WB-000532,WRISTBAND,PRODUCTION,UNUSED,2026-08-24T08:14:15.409Z
EVX26-WB-000533,WRISTBAND,PRODUCTION,UNUSED,2026-08-24T08:14:15.423Z
EVX26-WB-000534,WRISTBAND,PRODUCTION,UNUSED,2026-08-24T08:14:15.438Z
EVX26-WB-000535,WRISTBAND,PRODUCTION,UNUSED,2026-08-24T08:14:15.452Z
EVX26-WB-000536,WRISTBAND,PRODUCTION,UNUSED,2026-08-24T08:14:15.467Z
EVX26-WB-000537,WRISTBAND,PRODUCTION,UNUSED,2026-08-24T08:14:15.482Z
EVX26-WB-000538,WRISTBAND,PRODUCTION,UNUSED,2026-08-24T08:14:15.496Z
EVX26-WB-000539,WRISTBAND,PRODUCTION,UNUSED,2026-08-24T08:14:15.511Z
EVX26-WB-000540,WRISTBAND,PRODUCTION,UNUSED,2026-08-24T08:14:15.525Z
EVX26-WB-000541,WRISTBAND,PRODUCTION,UNUSED,2026-08-24T08:14:15.542Z
EVX26-WB-000542,WRISTBAND,PRODUCTION,UNUSED,2026-08-24T08:14:15.557Z
EVX26-WB-000543,WRISTBAND,PRODUCTION,UNUSED,2026-08-24T08:14:15.572Z
EVX26-WB-000544,WRISTBAND,PRODUCTION,UNUSED,2026-08-24T08:14:15.587Z
EVX26-WB-000545,WRISTBAND,PRODUCTION,UNUSED,2026-08-24T08:14:15.601Z
EVX26-WB-000546,WRISTBAND,PRODUCTION,UNUSED,2026-08-24T08:14:15.616Z
EVX26-WB-000547,WRISTBAND,PRODUCTION,UNUSED,2026-08-24T08:14:15.635Z
EVX26-WB-000548,WRISTBAND,PRODUCTION,UNUSED,2026-08-24T08:14:15.651Z
EVX26-WB-000549,WRISTBAND,PRODUCTION,UNUSED,2026-08-24T08:14:15.666Z
EVX26-WB-000550,WRISTBAND,PRODUCTION,UNUSED,2026-08-24T08:14:15.681Z
EVX26-WB-000551,WRISTBAND,PRODUCTION,UNUSED,2026-08-24T08:14:15.694Z
EVX26-WB-000552,WRISTBAND,PRODUCTION,UNUSED,2026-08-24T08:14:15.708Z
EVX26-WB-000553,WRISTBAND,PRODUCTION,UNUSED,2026-08-24T08:14:15.728Z
EVX26-WB-000554,WRISTBAND,PRODUCTION,UNUSED,2026-08-24T08:14:15.745Z
EVX26-WB-000555,WRISTBAND,PRODUCTION,UNUSED,2026-08-24T08:14:15.761Z
EVX26-WB-000556,WRISTBAND,PRODUCTION,UNUSED,2026-08-24T08:14:15.777Z
EVX26-WB-000557,WRISTBAND,PRODUCTION,UNUSED,2026-08-24T08:14:15.791Z
EVX26-WB-000558,WRISTBAND,PRODUCTION,UNUSED,2026-08-24T08:14:15.806Z
EVX26-WB-000559,WRISTBAND,PRODUCTION,UNUSED,2026-08-24T08:14:15.819Z
EVX26-WB-000560,WRISTBAND,PRODUCTION,UNUSED,2026-08-24T08:14:15.835Z
EVX26-WB-000561,WRISTBAND,PRODUCTION,UNUSED,2026-08-24T08:14:15.852Z
EVX26-WB-000562,WRISTBAND,PRODUCTION,UNUSED,2026-08-24T08:14:15.870Z
EVX26-WB-000563,WRISTBAND,PRODUCTION,UNUSED,2026-08-24T08:14:15.884Z
EVX26-WB-000564,WRISTBAND,PRODUCTION,UNUSED,2026-08-24T08:14:15.898Z
EVX26-WB-000565,WRISTBAND,PRODUCTION,UNUSED,2026-08-24T08:14:15.912Z
EVX26-WB-000566,WRISTBAND,PRODUCTION,UNUSED,2026-08-24T08:14:15.929Z
EVX26-WB-000567,WRISTBAND,PRODUCTION,UNUSED,2026-08-24T08:14:15.942Z
EVX26-WB-000568,WRISTBAND,PRODUCTION,UNUSED,2026-08-24T08:14:15.956Z
EVX26-WB-000569,WRISTBAND,PRODUCTION,UNUSED,2026-08-24T08:14:15.973Z
EVX26-WB-000570,WRISTBAND,PRODUCTION,UNUSED,2026-08-24T08:14:15.989Z
EVX26-WB-000571,WRISTBAND,PRODUCTION,UNUSED,2026-08-24T08:14:16.004Z
EVX26-WB-000572,WRISTBAND,PRODUCTION,UNUSED,2026-08-24T08:14:16.019Z
EVX26-WB-000573,WRISTBAND,PRODUCTION,UNUSED,2026-08-24T08:14:16.034Z
EVX26-WB-000574,WRISTBAND,PRODUCTION,UNUSED,2026-08-24T08:14:16.051Z
EVX26-WB-000575,WRISTBAND,PRODUCTION,UNUSED,2026-08-24T08:14:16.070Z
EVX26-WB-000576,WRISTBAND,PRODUCTION,UNUSED,2026-08-24T08:14:16.086Z
EVX26-WB-000577,WRISTBAND,PRODUCTION,UNUSED,2026-08-24T08:14:16.104Z
EVX26-WB-000578,WRISTBAND,PRODUCTION,UNUSED,2026-08-24T08:14:16.123Z
EVX26-WB-000579,WRISTBAND,PRODUCTION,UNUSED,2026-08-24T08:14:16.138Z
EVX26-WB-000580,WRISTBAND,PRODUCTION,UNUSED,2026-08-24T08:14:16.153Z
EVX26-WB-000581,WRISTBAND,PRODUCTION,UNUSED,2026-08-24T08:14:16.168Z
EVX26-WB-000582,WRISTBAND,PRODUCTION,UNUSED,2026-08-24T08:14:16.182Z
EVX26-WB-000583,WRISTBAND,PRODUCTION,UNUSED,2026-08-24T08:14:16.196Z
EVX26-WB-000584,WRISTBAND,PRODUCTION,UNUSED,2026-08-24T08:14:16.211Z
EVX26-WB-000585,WRISTBAND,PRODUCTION,UNUSED,2026-08-24T08:14:16.229Z
EVX26-WB-000586,WRISTBAND,PRODUCTION,UNUSED,2026-08-24T08:14:16.244Z
EVX26-WB-000587,WRISTBAND,PRODUCTION,UNUSED,2026-08-24T08:14:16.259Z
EVX26-WB-000588,WRISTBAND,PRODUCTION,UNUSED,2026-08-24T08:14:16.277Z
EVX26-WB-000589,WRISTBAND,PRODUCTION,UNUSED,2026-08-24T08:14:16.292Z
EVX26-WB-000590,WRISTBAND,PRODUCTION,UNUSED,2026-08-24T08:14:16.307Z
EVX26-WB-000591,WRISTBAND,PRODUCTION,UNUSED,2026-08-24T08:14:16.328Z
EVX26-WB-000592,WRISTBAND,PRODUCTION,UNUSED,2026-08-24T08:14:16.349Z
EVX26-WB-000593,WRISTBAND,PRODUCTION,UNUSED,2026-08-24T08:14:16.368Z
EVX26-WB-000594,WRISTBAND,PRODUCTION,UNUSED,2026-08-24T08:14:16.385Z
EVX26-WB-000595,WRISTBAND,PRODUCTION,UNUSED,2026-08-24T08:14:16.400Z
EVX26-WB-000596,WRISTBAND,PRODUCTION,UNUSED,2026-08-24T08:14:16.414Z
EVX26-WB-000597,WRISTBAND,PRODUCTION,UNUSED,2026-08-24T08:14:16.430Z
EVX26-WB-000598,WRISTBAND,PRODUCTION,UNUSED,2026-08-24T08:14:16.445Z
EVX26-WB-000599,WRISTBAND,PRODUCTION,UNUSED,2026-08-24T08:14:16.459Z
EVX26-WB-000600,WRISTBAND,PRODUCTION,UNUSED,2026-08-24T08:14:16.476Z
EVX26-WB-000601,WRISTBAND,PRODUCTION,UNUSED,2026-08-24T08:14:16.492Z
EVX26-WB-000602,WRISTBAND,PRODUCTION,UNUSED,2026-08-24T08:14:16.515Z
EVX26-WB-000603,WRISTBAND,PRODUCTION,UNUSED,2026-08-24T08:14:16.530Z
EVX26-WB-000604,WRISTBAND,PRODUCTION,UNUSED,2026-08-24T08:14:16.544Z
EVX26-WB-000605,WRISTBAND,PRODUCTION,UNUSED,2026-08-24T08:14:16.558Z
EVX26-WB-000606,WRISTBAND,PRODUCTION,UNUSED,2026-08-24T08:14:16.574Z
EVX26-WB-000607,WRISTBAND,PRODUCTION,UNUSED,2026-08-24T08:14:16.589Z
EVX26-WB-000608,WRISTBAND,PRODUCTION,UNUSED,2026-08-24T08:14:16.603Z
EVX26-WB-000609,WRISTBAND,PRODUCTION,UNUSED,2026-08-24T08:14:16.618Z
EVX26-WB-000610,WRISTBAND,PRODUCTION,UNUSED,2026-08-24T08:14:16.633Z
EVX26-WB-000611,WRISTBAND,PRODUCTION,UNUSED,2026-08-24T08:14:16.650Z
EVX26-WB-000612,WRISTBAND,PRODUCTION,UNUSED,2026-08-24T08:14:16.664Z
EVX26-WB-000613,WRISTBAND,PRODUCTION,UNUSED,2026-08-24T08:14:16.679Z
EVX26-WB-000614,WRISTBAND,PRODUCTION,UNUSED,2026-08-24T08:14:16.694Z
EVX26-WB-000615,WRISTBAND,PRODUCTION,UNUSED,2026-08-24T08:14:16.709Z
EVX26-WB-000616,WRISTBAND,PRODUCTION,UNUSED,2026-08-24T08:14:16.725Z
EVX26-WB-000617,WRISTBAND,PRODUCTION,UNUSED,2026-08-24T08:14:16.739Z
EVX26-WB-000618,WRISTBAND,PRODUCTION,UNUSED,2026-08-24T08:14:16.757Z
EVX26-WB-000619,WRISTBAND,PRODUCTION,UNUSED,2026-08-24T08:14:16.771Z
EVX26-WB-000620,WRISTBAND,PRODUCTION,UNUSED,2026-08-24T08:14:16.784Z
EVX26-WB-000621,WRISTBAND,PRODUCTION,UNUSED,2026-08-24T08:14:16.798Z
EVX26-WB-000622,WRISTBAND,PRODUCTION,UNUSED,2026-08-24T08:14:16.813Z
EVX26-WB-000623,WRISTBAND,PRODUCTION,UNUSED,2026-08-24T08:14:16.830Z
EVX26-WB-000624,WRISTBAND,PRODUCTION,UNUSED,2026-08-24T08:14:16.845Z
EVX26-WB-000625,WRISTBAND,PRODUCTION,UNUSED,2026-08-24T08:14:16.859Z
EVX26-WB-000626,WRISTBAND,PRODUCTION,UNUSED,2026-08-24T08:14:16.877Z
EVX26-WB-000627,WRISTBAND,PRODUCTION,UNUSED,2026-08-24T08:14:16.892Z
EVX26-WB-000628,WRISTBAND,PRODUCTION,UNUSED,2026-08-24T08:14:16.906Z
EVX26-WB-000629,WRISTBAND,PRODUCTION,UNUSED,2026-08-24T08:14:16.920Z
EVX26-WB-000630,WRISTBAND,PRODUCTION,UNUSED,2026-08-24T08:14:16.934Z
EVX26-WB-000631,WRISTBAND,PRODUCTION,UNUSED,2026-08-24T08:14:16.949Z
EVX26-WB-000632,WRISTBAND,PRODUCTION,UNUSED,2026-08-24T08:14:16.965Z
EVX26-WB-000633,WRISTBAND,PRODUCTION,UNUSED,2026-08-24T08:14:16.979Z
EVX26-WB-000634,WRISTBAND,PRODUCTION,UNUSED,2026-08-24T08:14:16.994Z
EVX26-WB-000635,WRISTBAND,PRODUCTION,UNUSED,2026-08-24T08:14:17.008Z
EVX26-WB-000636,WRISTBAND,PRODUCTION,UNUSED,2026-08-24T08:14:17.022Z
EVX26-WB-000637,WRISTBAND,PRODUCTION,UNUSED,2026-08-24T08:14:17.035Z
EVX26-WB-000638,WRISTBAND,PRODUCTION,UNUSED,2026-08-24T08:14:17.049Z
EVX26-WB-000639,WRISTBAND,PRODUCTION,UNUSED,2026-08-24T08:14:17.063Z
EVX26-WB-000640,WRISTBAND,PRODUCTION,UNUSED,2026-08-24T08:14:17.078Z
EVX26-WB-000641,WRISTBAND,PRODUCTION,UNUSED,2026-08-24T08:14:17.094Z
EVX26-WB-000642,WRISTBAND,PRODUCTION,UNUSED,2026-08-24T08:14:17.111Z
EVX26-WB-000643,WRISTBAND,PRODUCTION,UNUSED,2026-08-24T08:14:17.129Z
EVX26-WB-000644,WRISTBAND,PRODUCTION,UNUSED,2026-08-24T08:14:17.144Z
EVX26-WB-000645,WRISTBAND,PRODUCTION,UNUSED,2026-08-24T08:14:17.171Z
EVX26-WB-000646,WRISTBAND,PRODUCTION,UNUSED,2026-08-24T08:14:17.189Z
EVX26-WB-000647,WRISTBAND,PRODUCTION,UNUSED,2026-08-24T08:14:17.207Z
EVX26-WB-000648,WRISTBAND,PRODUCTION,UNUSED,2026-08-24T08:14:17.226Z
EVX26-WB-000649,WRISTBAND,PRODUCTION,UNUSED,2026-08-24T08:14:17.241Z
EVX26-WB-000650,WRISTBAND,PRODUCTION,UNUSED,2026-08-24T08:14:17.257Z
EVX26-WB-000651,WRISTBAND,PRODUCTION,UNUSED,2026-08-24T08:14:17.272Z
EVX26-WB-000652,WRISTBAND,PRODUCTION,UNUSED,2026-08-24T08:14:17.288Z
EVX26-WB-000653,WRISTBAND,PRODUCTION,UNUSED,2026-08-24T08:14:17.302Z
EVX26-WB-000654,WRISTBAND,PRODUCTION,UNUSED,2026-08-24T08:14:17.317Z
EVX26-WB-000655,WRISTBAND,PRODUCTION,UNUSED,2026-08-24T08:14:17.331Z
EVX26-WB-000656,WRISTBAND,PRODUCTION,UNUSED,2026-08-24T08:14:17.347Z
EVX26-WB-000657,WRISTBAND,PRODUCTION,UNUSED,2026-08-24T08:14:17.361Z
EVX26-WB-000658,WRISTBAND,PRODUCTION,UNUSED,2026-08-24T08:14:17.377Z
EVX26-WB-000659,WRISTBAND,PRODUCTION,UNUSED,2026-08-24T08:14:17.391Z
EVX26-WB-000660,WRISTBAND,PRODUCTION,UNUSED,2026-08-24T08:14:17.406Z
EVX26-WB-000661,WRISTBAND,PRODUCTION,UNUSED,2026-08-24T08:14:17.420Z
EVX26-WB-000662,WRISTBAND,PRODUCTION,UNUSED,2026-08-24T08:14:17.435Z
EVX26-WB-000663,WRISTBAND,PRODUCTION,UNUSED,2026-08-24T08:14:17.450Z
EVX26-WB-000664,WRISTBAND,PRODUCTION,UNUSED,2026-08-24T08:14:17.467Z
EVX26-WB-000665,WRISTBAND,PRODUCTION,UNUSED,2026-08-24T08:14:17.482Z
EVX26-WB-000666,WRISTBAND,PRODUCTION,UNUSED,2026-08-24T08:14:17.496Z
EVX26-WB-000667,WRISTBAND,PRODUCTION,UNUSED,2026-08-24T08:14:17.512Z
EVX26-WB-000668,WRISTBAND,PRODUCTION,UNUSED,2026-08-24T08:14:17.532Z
EVX26-WB-000669,WRISTBAND,PRODUCTION,UNUSED,2026-08-24T08:14:17.549Z
EVX26-WB-000670,WRISTBAND,PRODUCTION,UNUSED,2026-08-24T08:14:17.570Z
EVX26-WB-000671,WRISTBAND,PRODUCTION,UNUSED,2026-08-24T08:14:17.584Z
EVX26-WB-000672,WRISTBAND,PRODUCTION,UNUSED,2026-08-24T08:14:17.599Z
EVX26-WB-000673,WRISTBAND,PRODUCTION,UNUSED,2026-08-24T08:14:17.615Z
EVX26-WB-000674,WRISTBAND,PRODUCTION,UNUSED,2026-08-24T08:14:17.633Z
EVX26-WB-000675,WRISTBAND,PRODUCTION,UNUSED,2026-08-24T08:14:17.650Z
EVX26-WB-000676,WRISTBAND,PRODUCTION,UNUSED,2026-08-24T08:14:17.666Z
EVX26-WB-000677,WRISTBAND,PRODUCTION,UNUSED,2026-08-24T08:14:17.683Z
EVX26-WB-000678,WRISTBAND,PRODUCTION,UNUSED,2026-08-24T08:14:17.698Z
EVX26-WB-000679,WRISTBAND,PRODUCTION,UNUSED,2026-08-24T08:14:17.713Z
EVX26-WB-000680,WRISTBAND,PRODUCTION,UNUSED,2026-08-24T08:14:17.729Z
EVX26-WB-000681,WRISTBAND,PRODUCTION,UNUSED,2026-08-24T08:14:17.745Z
EVX26-WB-000682,WRISTBAND,PRODUCTION,UNUSED,2026-08-24T08:14:17.759Z
EVX26-WB-000683,WRISTBAND,PRODUCTION,UNUSED,2026-08-24T08:14:17.775Z
EVX26-WB-000684,WRISTBAND,PRODUCTION,UNUSED,2026-08-24T08:14:17.789Z
EVX26-WB-000685,WRISTBAND,PRODUCTION,UNUSED,2026-08-24T08:14:17.803Z
EVX26-WB-000686,WRISTBAND,PRODUCTION,UNUSED,2026-08-24T08:14:17.819Z
EVX26-WB-000687,WRISTBAND,PRODUCTION,UNUSED,2026-08-24T08:14:17.834Z
EVX26-WB-000688,WRISTBAND,PRODUCTION,UNUSED,2026-08-24T08:14:17.850Z
EVX26-WB-000689,WRISTBAND,PRODUCTION,UNUSED,2026-08-24T08:14:17.864Z
EVX26-WB-000690,WRISTBAND,PRODUCTION,UNUSED,2026-08-24T08:14:17.881Z
EVX26-WB-000691,WRISTBAND,PRODUCTION,UNUSED,2026-08-24T08:14:17.898Z
EVX26-WB-000692,WRISTBAND,PRODUCTION,UNUSED,2026-08-24T08:14:17.915Z
EVX26-WB-000693,WRISTBAND,PRODUCTION,UNUSED,2026-08-24T08:14:17.939Z
EVX26-WB-000694,WRISTBAND,PRODUCTION,UNUSED,2026-08-24T08:14:17.958Z
EVX26-WB-000695,WRISTBAND,PRODUCTION,UNUSED,2026-08-24T08:14:17.977Z
EVX26-WB-000696,WRISTBAND,PRODUCTION,UNUSED,2026-08-24T08:14:17.995Z
EVX26-WB-000697,WRISTBAND,PRODUCTION,UNUSED,2026-08-24T08:14:18.014Z
EVX26-WB-000698,WRISTBAND,PRODUCTION,UNUSED,2026-08-24T08:14:18.031Z
EVX26-WB-000699,WRISTBAND,PRODUCTION,UNUSED,2026-08-24T08:14:18.050Z
EVX26-WB-000700,WRISTBAND,PRODUCTION,UNUSED,2026-08-24T08:14:18.065Z
EVX26-WB-000701,WRISTBAND,PRODUCTION,UNUSED,2026-08-24T08:14:18.080Z
EVX26-WB-000702,WRISTBAND,PRODUCTION,UNUSED,2026-08-24T08:14:18.095Z
EVX26-WB-000703,WRISTBAND,PRODUCTION,UNUSED,2026-08-24T08:14:18.110Z
EVX26-WB-000704,WRISTBAND,PRODUCTION,UNUSED,2026-08-24T08:14:18.127Z
EVX26-WB-000705,WRISTBAND,PRODUCTION,UNUSED,2026-08-24T08:14:18.165Z
EVX26-WB-000706,WRISTBAND,PRODUCTION,UNUSED,2026-08-24T08:14:18.187Z
EVX26-WB-000707,WRISTBAND,PRODUCTION,UNUSED,2026-08-24T08:14:18.206Z
EVX26-WB-000708,WRISTBAND,PRODUCTION,UNUSED,2026-08-24T08:14:18.225Z
EVX26-WB-000709,WRISTBAND,PRODUCTION,UNUSED,2026-08-24T08:14:18.242Z
EVX26-WB-000710,WRISTBAND,PRODUCTION,UNUSED,2026-08-24T08:14:18.261Z
EVX26-WB-000711,WRISTBAND,PRODUCTION,UNUSED,2026-08-24T08:14:18.287Z
EVX26-WB-000712,WRISTBAND,PRODUCTION,UNUSED,2026-08-24T08:14:18.305Z
EVX26-WB-000713,WRISTBAND,PRODUCTION,UNUSED,2026-08-24T08:14:18.324Z
EVX26-WB-000714,WRISTBAND,PRODUCTION,UNUSED,2026-08-24T08:14:18.342Z
EVX26-WB-000715,WRISTBAND,PRODUCTION,UNUSED,2026-08-24T08:14:18.357Z
EVX26-WB-000716,WRISTBAND,PRODUCTION,UNUSED,2026-08-24T08:14:18.374Z
EVX26-WB-000717,WRISTBAND,PRODUCTION,UNUSED,2026-08-24T08:14:18.389Z
EVX26-WB-000718,WRISTBAND,PRODUCTION,UNUSED,2026-08-24T08:14:18.404Z
EVX26-WB-000719,WRISTBAND,PRODUCTION,UNUSED,2026-08-24T08:14:18.424Z
EVX26-WB-000720,WRISTBAND,PRODUCTION,UNUSED,2026-08-24T08:14:18.440Z
EVX26-WB-000721,WRISTBAND,PRODUCTION,UNUSED,2026-08-24T08:14:18.454Z
EVX26-WB-000722,WRISTBAND,PRODUCTION,UNUSED,2026-08-24T08:14:18.470Z
EVX26-WB-000723,WRISTBAND,PRODUCTION,UNUSED,2026-08-24T08:14:18.486Z
EVX26-WB-000724,WRISTBAND,PRODUCTION,UNUSED,2026-08-24T08:14:18.502Z
EVX26-WB-000725,WRISTBAND,PRODUCTION,UNUSED,2026-08-24T08:14:18.517Z
EVX26-WB-000726,WRISTBAND,PRODUCTION,UNUSED,2026-08-24T08:14:18.531Z
EVX26-WB-000727,WRISTBAND,PRODUCTION,UNUSED,2026-08-24T08:14:18.544Z
EVX26-WB-000728,WRISTBAND,PRODUCTION,UNUSED,2026-08-24T08:14:18.560Z
EVX26-WB-000729,WRISTBAND,PRODUCTION,UNUSED,2026-08-24T08:14:18.574Z
EVX26-WB-000730,WRISTBAND,PRODUCTION,UNUSED,2026-08-24T08:14:18.588Z
EVX26-WB-000731,WRISTBAND,PRODUCTION,UNUSED,2026-08-24T08:14:18.605Z
EVX26-WB-000732,WRISTBAND,PRODUCTION,UNUSED,2026-08-24T08:14:18.621Z
EVX26-WB-000733,WRISTBAND,PRODUCTION,UNUSED,2026-08-24T08:14:18.637Z
EVX26-WB-000734,WRISTBAND,PRODUCTION,UNUSED,2026-08-24T08:14:18.651Z
EVX26-WB-000735,WRISTBAND,PRODUCTION,UNUSED,2026-08-24T08:14:18.667Z
EVX26-WB-000736,WRISTBAND,PRODUCTION,UNUSED,2026-08-24T08:14:18.682Z
EVX26-WB-000737,WRISTBAND,PRODUCTION,UNUSED,2026-08-24T08:14:18.695Z
EVX26-WB-000738,WRISTBAND,PRODUCTION,UNUSED,2026-08-24T08:14:18.709Z
EVX26-WB-000739,WRISTBAND,PRODUCTION,UNUSED,2026-08-24T08:14:18.729Z
EVX26-WB-000740,WRISTBAND,PRODUCTION,UNUSED,2026-08-24T08:14:18.746Z
EVX26-WB-000741,WRISTBAND,PRODUCTION,UNUSED,2026-08-24T08:14:18.763Z
EVX26-WB-000742,WRISTBAND,PRODUCTION,UNUSED,2026-08-24T08:14:18.778Z
EVX26-WB-000743,WRISTBAND,PRODUCTION,UNUSED,2026-08-24T08:14:18.792Z
EVX26-WB-000744,WRISTBAND,PRODUCTION,UNUSED,2026-08-24T08:14:18.810Z
EVX26-WB-000745,WRISTBAND,PRODUCTION,UNUSED,2026-08-24T08:14:18.824Z
EVX26-WB-000746,WRISTBAND,PRODUCTION,UNUSED,2026-08-24T08:14:18.838Z
EVX26-WB-000747,WRISTBAND,PRODUCTION,UNUSED,2026-08-24T08:14:18.854Z
EVX26-WB-000748,WRISTBAND,PRODUCTION,UNUSED,2026-08-24T08:14:18.868Z
EVX26-WB-000749,WRISTBAND,PRODUCTION,UNUSED,2026-08-24T08:14:18.882Z
EVX26-WB-000750,WRISTBAND,PRODUCTION,UNUSED,2026-08-24T08:14:18.897Z
EVX26-WB-000751,WRISTBAND,PRODUCTION,UNUSED,2026-08-24T08:14:18.911Z
EVX26-WB-000752,WRISTBAND,PRODUCTION,UNUSED,2026-08-24T08:14:18.926Z
EVX26-WB-000753,WRISTBAND,PRODUCTION,UNUSED,2026-08-24T08:14:18.941Z
EVX26-WB-000754,WRISTBAND,PRODUCTION,UNUSED,2026-08-24T08:14:18.956Z
EVX26-WB-000755,WRISTBAND,PRODUCTION,UNUSED,2026-08-24T08:14:18.970Z
EVX26-WB-000756,WRISTBAND,PRODUCTION,UNUSED,2026-08-24T08:14:18.988Z
EVX26-WB-000757,WRISTBAND,PRODUCTION,UNUSED,2026-08-24T08:14:19.004Z
EVX26-WB-000758,WRISTBAND,PRODUCTION,UNUSED,2026-08-24T08:14:19.019Z
EVX26-WB-000759,WRISTBAND,PRODUCTION,UNUSED,2026-08-24T08:14:19.035Z
EVX26-WB-000760,WRISTBAND,PRODUCTION,UNUSED,2026-08-24T08:14:19.049Z
EVX26-WB-000761,WRISTBAND,PRODUCTION,UNUSED,2026-08-24T08:14:19.064Z
EVX26-WB-000762,WRISTBAND,PRODUCTION,UNUSED,2026-08-24T08:14:19.079Z
EVX26-WB-000763,WRISTBAND,PRODUCTION,UNUSED,2026-08-24T08:14:19.099Z
EVX26-WB-000764,WRISTBAND,PRODUCTION,UNUSED,2026-08-24T08:14:19.115Z
EVX26-WB-000765,WRISTBAND,PRODUCTION,UNUSED,2026-08-24T08:14:19.131Z
EVX26-WB-000766,WRISTBAND,PRODUCTION,UNUSED,2026-08-24T08:14:19.149Z
EVX26-WB-000767,WRISTBAND,PRODUCTION,UNUSED,2026-08-24T08:14:19.166Z
EVX26-WB-000768,WRISTBAND,PRODUCTION,UNUSED,2026-08-24T08:14:19.183Z
EVX26-WB-000769,WRISTBAND,PRODUCTION,UNUSED,2026-08-24T08:14:19.199Z
EVX26-WB-000770,WRISTBAND,PRODUCTION,UNUSED,2026-08-24T08:14:19.213Z
EVX26-WB-000771,WRISTBAND,PRODUCTION,UNUSED,2026-08-24T08:14:19.229Z
EVX26-WB-000772,WRISTBAND,PRODUCTION,UNUSED,2026-08-24T08:14:19.243Z
EVX26-WB-000773,WRISTBAND,PRODUCTION,UNUSED,2026-08-24T08:14:19.261Z
EVX26-WB-000774,WRISTBAND,PRODUCTION,UNUSED,2026-08-24T08:14:19.278Z
EVX26-WB-000775,WRISTBAND,PRODUCTION,UNUSED,2026-08-24T08:14:19.296Z
EVX26-WB-000776,WRISTBAND,PRODUCTION,UNUSED,2026-08-24T08:14:19.316Z
EVX26-WB-000777,WRISTBAND,PRODUCTION,UNUSED,2026-08-24T08:14:19.332Z
EVX26-WB-000778,WRISTBAND,PRODUCTION,UNUSED,2026-08-24T08:14:19.356Z
EVX26-WB-000779,WRISTBAND,PRODUCTION,UNUSED,2026-08-24T08:14:19.378Z
EVX26-WB-000780,WRISTBAND,PRODUCTION,UNUSED,2026-08-24T08:14:19.400Z
EVX26-WB-000781,WRISTBAND,PRODUCTION,UNUSED,2026-08-24T08:14:19.420Z
EVX26-WB-000782,WRISTBAND,PRODUCTION,UNUSED,2026-08-24T08:14:19.440Z
EVX26-WB-000783,WRISTBAND,PRODUCTION,UNUSED,2026-08-24T08:14:19.469Z
EVX26-WB-000784,WRISTBAND,PRODUCTION,UNUSED,2026-08-24T08:14:19.498Z
EVX26-WB-000785,WRISTBAND,PRODUCTION,UNUSED,2026-08-24T08:14:19.518Z
EVX26-WB-000786,WRISTBAND,PRODUCTION,UNUSED,2026-08-24T08:14:19.545Z
EVX26-WB-000787,WRISTBAND,PRODUCTION,UNUSED,2026-08-24T08:14:19.567Z
EVX26-WB-000788,WRISTBAND,PRODUCTION,UNUSED,2026-08-24T08:14:19.592Z
EVX26-WB-000789,WRISTBAND,PRODUCTION,UNUSED,2026-08-24T08:14:19.614Z
EVX26-WB-000790,WRISTBAND,PRODUCTION,UNUSED,2026-08-24T08:14:19.634Z
EVX26-WB-000791,WRISTBAND,PRODUCTION,UNUSED,2026-08-24T08:14:19.658Z
EVX26-WB-000792,WRISTBAND,PRODUCTION,UNUSED,2026-08-24T08:14:19.674Z
EVX26-WB-000793,WRISTBAND,PRODUCTION,UNUSED,2026-08-24T08:14:19.693Z
EVX26-WB-000794,WRISTBAND,PRODUCTION,UNUSED,2026-08-24T08:14:19.708Z
EVX26-WB-000795,WRISTBAND,PRODUCTION,UNUSED,2026-08-24T08:14:19.724Z
EVX26-WB-000796,WRISTBAND,PRODUCTION,UNUSED,2026-08-24T08:14:19.737Z
EVX26-WB-000797,WRISTBAND,PRODUCTION,UNUSED,2026-08-24T08:14:19.756Z
EVX26-WB-000798,WRISTBAND,PRODUCTION,UNUSED,2026-08-24T08:14:19.771Z
EVX26-WB-000799,WRISTBAND,PRODUCTION,UNUSED,2026-08-24T08:14:19.786Z
EVX26-WB-000800,WRISTBAND,PRODUCTION,UNUSED,2026-08-24T08:14:19.802Z
EVX26-WB-000801,WRISTBAND,PRODUCTION,UNUSED,2026-08-24T08:14:19.820Z
EVX26-WB-000802,WRISTBAND,PRODUCTION,UNUSED,2026-08-24T08:14:19.839Z
EVX26-WB-000803,WRISTBAND,PRODUCTION,UNUSED,2026-08-24T08:14:19.855Z
EVX26-WB-000804,WRISTBAND,PRODUCTION,UNUSED,2026-08-24T08:14:19.869Z
EVX26-WB-000805,WRISTBAND,PRODUCTION,UNUSED,2026-08-24T08:14:19.884Z
EVX26-WB-000806,WRISTBAND,PRODUCTION,UNUSED,2026-08-24T08:14:19.901Z
EVX26-WB-000807,WRISTBAND,PRODUCTION,UNUSED,2026-08-24T08:14:19.918Z
EVX26-WB-000808,WRISTBAND,PRODUCTION,UNUSED,2026-08-24T08:14:19.932Z
EVX26-WB-000809,WRISTBAND,PRODUCTION,UNUSED,2026-08-24T08:14:19.946Z
EVX26-WB-000810,WRISTBAND,PRODUCTION,UNUSED,2026-08-24T08:14:19.962Z
EVX26-WB-000811,WRISTBAND,PRODUCTION,UNUSED,2026-08-24T08:14:19.976Z
EVX26-WB-000812,WRISTBAND,PRODUCTION,UNUSED,2026-08-24T08:14:19.992Z
EVX26-WB-000813,WRISTBAND,PRODUCTION,UNUSED,2026-08-24T08:14:20.006Z
EVX26-WB-000814,WRISTBAND,PRODUCTION,UNUSED,2026-08-24T08:14:20.023Z
EVX26-WB-000815,WRISTBAND,PRODUCTION,UNUSED,2026-08-24T08:14:20.037Z
EVX26-WB-000816,WRISTBAND,PRODUCTION,UNUSED,2026-08-24T08:14:20.050Z
EVX26-WB-000817,WRISTBAND,PRODUCTION,UNUSED,2026-08-24T08:14:20.063Z
EVX26-WB-000818,WRISTBAND,PRODUCTION,UNUSED,2026-08-24T08:14:20.077Z
EVX26-WB-000819,WRISTBAND,PRODUCTION,UNUSED,2026-08-24T08:14:20.091Z
EVX26-WB-000820,WRISTBAND,PRODUCTION,UNUSED,2026-08-24T08:14:20.106Z
EVX26-WB-000821,WRISTBAND,PRODUCTION,UNUSED,2026-08-24T08:14:20.121Z
EVX26-WB-000822,WRISTBAND,PRODUCTION,UNUSED,2026-08-24T08:14:20.139Z
EVX26-WB-000823,WRISTBAND,PRODUCTION,UNUSED,2026-08-24T08:14:20.153Z
EVX26-WB-000824,WRISTBAND,PRODUCTION,UNUSED,2026-08-24T08:14:20.167Z
EVX26-WB-000825,WRISTBAND,PRODUCTION,UNUSED,2026-08-24T08:14:20.180Z
EVX26-WB-000826,WRISTBAND,PRODUCTION,UNUSED,2026-08-24T08:14:20.197Z
EVX26-WB-000827,WRISTBAND,PRODUCTION,UNUSED,2026-08-24T08:14:20.211Z
EVX26-WB-000828,WRISTBAND,PRODUCTION,UNUSED,2026-08-24T08:14:20.225Z
EVX26-WB-000829,WRISTBAND,PRODUCTION,UNUSED,2026-08-24T08:14:20.238Z
EVX26-WB-000830,WRISTBAND,PRODUCTION,UNUSED,2026-08-24T08:14:20.252Z
EVX26-WB-000831,WRISTBAND,PRODUCTION,UNUSED,2026-08-24T08:14:20.270Z
EVX26-WB-000832,WRISTBAND,PRODUCTION,UNUSED,2026-08-24T08:14:20.286Z
EVX26-WB-000833,WRISTBAND,PRODUCTION,UNUSED,2026-08-24T08:14:20.301Z
EVX26-WB-000834,WRISTBAND,PRODUCTION,UNUSED,2026-08-24T08:14:20.316Z
EVX26-WB-000835,WRISTBAND,PRODUCTION,UNUSED,2026-08-24T08:14:20.331Z
EVX26-WB-000836,WRISTBAND,PRODUCTION,UNUSED,2026-08-24T08:14:20.347Z
EVX26-WB-000837,WRISTBAND,PRODUCTION,UNUSED,2026-08-24T08:14:20.364Z
EVX26-WB-000838,WRISTBAND,PRODUCTION,UNUSED,2026-08-24T08:14:20.380Z
EVX26-WB-000839,WRISTBAND,PRODUCTION,UNUSED,2026-08-24T08:14:20.394Z
EVX26-WB-000840,WRISTBAND,PRODUCTION,UNUSED,2026-08-24T08:14:20.409Z
EVX26-WB-000841,WRISTBAND,PRODUCTION,UNUSED,2026-08-24T08:14:20.425Z
EVX26-WB-000842,WRISTBAND,PRODUCTION,UNUSED,2026-08-24T08:14:20.441Z
EVX26-WB-000843,WRISTBAND,PRODUCTION,UNUSED,2026-08-24T08:14:20.455Z
EVX26-WB-000844,WRISTBAND,PRODUCTION,UNUSED,2026-08-24T08:14:20.469Z
EVX26-WB-000845,WRISTBAND,PRODUCTION,UNUSED,2026-08-24T08:14:20.483Z
EVX26-WB-000846,WRISTBAND,PRODUCTION,UNUSED,2026-08-24T08:14:20.497Z
EVX26-WB-000847,WRISTBAND,PRODUCTION,UNUSED,2026-08-24T08:14:20.516Z
EVX26-WB-000848,WRISTBAND,PRODUCTION,UNUSED,2026-08-24T08:14:20.534Z
EVX26-WB-000849,WRISTBAND,PRODUCTION,UNUSED,2026-08-24T08:14:20.552Z
EVX26-WB-000850,WRISTBAND,PRODUCTION,UNUSED,2026-08-24T08:14:20.567Z
EVX26-WB-000851,WRISTBAND,PRODUCTION,UNUSED,2026-08-24T08:14:20.585Z
EVX26-WB-000852,WRISTBAND,PRODUCTION,UNUSED,2026-08-24T08:14:20.598Z
EVX26-WB-000853,WRISTBAND,PRODUCTION,UNUSED,2026-08-24T08:14:20.612Z
EVX26-WB-000854,WRISTBAND,PRODUCTION,UNUSED,2026-08-24T08:14:20.627Z
EVX26-WB-000855,WRISTBAND,PRODUCTION,UNUSED,2026-08-24T08:14:20.641Z
EVX26-WB-000856,WRISTBAND,PRODUCTION,UNUSED,2026-08-24T08:14:20.657Z
EVX26-WB-000857,WRISTBAND,PRODUCTION,UNUSED,2026-08-24T08:14:20.672Z
EVX26-WB-000858,WRISTBAND,PRODUCTION,UNUSED,2026-08-24T08:14:20.688Z
EVX26-WB-000859,WRISTBAND,PRODUCTION,UNUSED,2026-08-24T08:14:20.703Z
EVX26-WB-000860,WRISTBAND,PRODUCTION,UNUSED,2026-08-24T08:14:20.722Z
EVX26-WB-000861,WRISTBAND,PRODUCTION,UNUSED,2026-08-24T08:14:20.737Z
EVX26-WB-000862,WRISTBAND,PRODUCTION,UNUSED,2026-08-24T08:14:20.753Z
EVX26-WB-000863,WRISTBAND,PRODUCTION,UNUSED,2026-08-24T08:14:20.771Z
EVX26-WB-000864,WRISTBAND,PRODUCTION,UNUSED,2026-08-24T08:14:20.786Z
EVX26-WB-000865,WRISTBAND,PRODUCTION,UNUSED,2026-08-24T08:14:20.803Z
EVX26-WB-000866,WRISTBAND,PRODUCTION,UNUSED,2026-08-24T08:14:20.820Z
EVX26-WB-000867,WRISTBAND,PRODUCTION,UNUSED,2026-08-24T08:14:20.836Z
EVX26-WB-000868,WRISTBAND,PRODUCTION,UNUSED,2026-08-24T08:14:20.851Z
EVX26-WB-000869,WRISTBAND,PRODUCTION,UNUSED,2026-08-24T08:14:20.867Z
EVX26-WB-000870,WRISTBAND,PRODUCTION,UNUSED,2026-08-24T08:14:20.887Z
EVX26-WB-000871,WRISTBAND,PRODUCTION,UNUSED,2026-08-24T08:14:20.905Z
EVX26-WB-000872,WRISTBAND,PRODUCTION,UNUSED,2026-08-24T08:14:20.933Z
EVX26-WB-000873,WRISTBAND,PRODUCTION,UNUSED,2026-08-24T08:14:20.950Z
EVX26-WB-000874,WRISTBAND,PRODUCTION,UNUSED,2026-08-24T08:14:20.967Z
EVX26-WB-000875,WRISTBAND,PRODUCTION,UNUSED,2026-08-24T08:14:20.985Z
EVX26-WB-000876,WRISTBAND,PRODUCTION,UNUSED,2026-08-24T08:14:21.000Z
EVX26-WB-000877,WRISTBAND,PRODUCTION,UNUSED,2026-08-24T08:14:21.016Z
EVX26-WB-000878,WRISTBAND,PRODUCTION,UNUSED,2026-08-24T08:14:21.035Z
EVX26-WB-000879,WRISTBAND,PRODUCTION,UNUSED,2026-08-24T08:14:21.058Z
EVX26-WB-000880,WRISTBAND,PRODUCTION,UNUSED,2026-08-24T08:14:21.084Z
EVX26-WB-000881,WRISTBAND,PRODUCTION,UNUSED,2026-08-24T08:14:21.106Z
EVX26-WB-000882,WRISTBAND,PRODUCTION,UNUSED,2026-08-24T08:14:21.132Z
EVX26-WB-000883,WRISTBAND,PRODUCTION,UNUSED,2026-08-24T08:14:21.156Z
EVX26-WB-000884,WRISTBAND,PRODUCTION,UNUSED,2026-08-24T08:14:21.178Z
EVX26-WB-000885,WRISTBAND,PRODUCTION,UNUSED,2026-08-24T08:14:21.194Z
EVX26-WB-000886,WRISTBAND,PRODUCTION,UNUSED,2026-08-24T08:14:21.210Z
EVX26-WB-000887,WRISTBAND,PRODUCTION,UNUSED,2026-08-24T08:14:21.227Z
EVX26-WB-000888,WRISTBAND,PRODUCTION,UNUSED,2026-08-24T08:14:21.246Z
EVX26-WB-000889,WRISTBAND,PRODUCTION,UNUSED,2026-08-24T08:14:21.262Z
EVX26-WB-000890,WRISTBAND,PRODUCTION,UNUSED,2026-08-24T08:14:21.280Z
EVX26-WB-000891,WRISTBAND,PRODUCTION,UNUSED,2026-08-24T08:14:21.297Z
EVX26-WB-000892,WRISTBAND,PRODUCTION,UNUSED,2026-08-24T08:14:21.311Z
EVX26-WB-000893,WRISTBAND,PRODUCTION,UNUSED,2026-08-24T08:14:21.325Z
EVX26-WB-000894,WRISTBAND,PRODUCTION,UNUSED,2026-08-24T08:14:21.339Z
EVX26-WB-000895,WRISTBAND,PRODUCTION,UNUSED,2026-08-24T08:14:21.355Z
EVX26-WB-000896,WRISTBAND,PRODUCTION,UNUSED,2026-08-24T08:14:21.369Z
EVX26-WB-000897,WRISTBAND,PRODUCTION,UNUSED,2026-08-24T08:14:21.385Z
EVX26-WB-000898,WRISTBAND,PRODUCTION,UNUSED,2026-08-24T08:14:21.399Z
EVX26-WB-000899,WRISTBAND,PRODUCTION,UNUSED,2026-08-24T08:14:21.414Z
EVX26-WB-000900,WRISTBAND,PRODUCTION,UNUSED,2026-08-24T08:14:21.428Z
EVX26-WB-000901,WRISTBAND,PRODUCTION,UNUSED,2026-08-24T08:14:21.442Z
EVX26-WB-000902,WRISTBAND,PRODUCTION,UNUSED,2026-08-24T08:14:21.456Z
EVX26-WB-000903,WRISTBAND,PRODUCTION,UNUSED,2026-08-24T08:14:21.471Z
EVX26-WB-000904,WRISTBAND,PRODUCTION,UNUSED,2026-08-24T08:14:21.491Z
EVX26-WB-000905,WRISTBAND,PRODUCTION,UNUSED,2026-08-24T08:14:21.504Z
EVX26-WB-000906,WRISTBAND,PRODUCTION,UNUSED,2026-08-24T08:14:21.518Z
EVX26-WB-000907,WRISTBAND,PRODUCTION,UNUSED,2026-08-24T08:14:21.535Z
EVX26-WB-000908,WRISTBAND,PRODUCTION,UNUSED,2026-08-24T08:14:21.551Z
EVX26-WB-000909,WRISTBAND,PRODUCTION,UNUSED,2026-08-24T08:14:21.565Z
EVX26-WB-000910,WRISTBAND,PRODUCTION,UNUSED,2026-08-24T08:14:21.579Z
EVX26-WB-000911,WRISTBAND,PRODUCTION,UNUSED,2026-08-24T08:14:21.593Z
EVX26-WB-000912,WRISTBAND,PRODUCTION,UNUSED,2026-08-24T08:14:21.607Z
EVX26-WB-000913,WRISTBAND,PRODUCTION,UNUSED,2026-08-24T08:14:21.624Z
EVX26-WB-000914,WRISTBAND,PRODUCTION,UNUSED,2026-08-24T08:14:21.641Z
EVX26-WB-000915,WRISTBAND,PRODUCTION,UNUSED,2026-08-24T08:14:21.656Z
EVX26-WB-000916,WRISTBAND,PRODUCTION,UNUSED,2026-08-24T08:14:21.670Z
EVX26-WB-000917,WRISTBAND,PRODUCTION,UNUSED,2026-08-24T08:14:21.686Z
EVX26-WB-000918,WRISTBAND,PRODUCTION,UNUSED,2026-08-24T08:14:21.701Z
EVX26-WB-000919,WRISTBAND,PRODUCTION,UNUSED,2026-08-24T08:14:21.715Z
EVX26-WB-000920,WRISTBAND,PRODUCTION,UNUSED,2026-08-24T08:14:21.729Z
EVX26-WB-000921,WRISTBAND,PRODUCTION,UNUSED,2026-08-24T08:14:21.742Z
EVX26-WB-000922,WRISTBAND,PRODUCTION,UNUSED,2026-08-24T08:14:21.756Z
EVX26-WB-000923,WRISTBAND,PRODUCTION,UNUSED,2026-08-24T08:14:21.770Z
EVX26-WB-000924,WRISTBAND,PRODUCTION,UNUSED,2026-08-24T08:14:21.785Z
EVX26-WB-000925,WRISTBAND,PRODUCTION,UNUSED,2026-08-24T08:14:21.801Z
EVX26-WB-000926,WRISTBAND,PRODUCTION,UNUSED,2026-08-24T08:14:21.818Z
EVX26-WB-000927,WRISTBAND,PRODUCTION,UNUSED,2026-08-24T08:14:21.834Z
EVX26-WB-000928,WRISTBAND,PRODUCTION,UNUSED,2026-08-24T08:14:21.851Z
EVX26-WB-000929,WRISTBAND,PRODUCTION,UNUSED,2026-08-24T08:14:21.865Z
EVX26-WB-000930,WRISTBAND,PRODUCTION,UNUSED,2026-08-24T08:14:21.880Z
EVX26-WB-000931,WRISTBAND,PRODUCTION,UNUSED,2026-08-24T08:14:21.898Z
EVX26-WB-000932,WRISTBAND,PRODUCTION,UNUSED,2026-08-24T08:14:21.913Z
EVX26-WB-000933,WRISTBAND,PRODUCTION,UNUSED,2026-08-24T08:14:21.928Z
EVX26-WB-000934,WRISTBAND,PRODUCTION,UNUSED,2026-08-24T08:14:21.942Z
EVX26-WB-000935,WRISTBAND,PRODUCTION,UNUSED,2026-08-24T08:14:21.958Z
EVX26-WB-000936,WRISTBAND,PRODUCTION,UNUSED,2026-08-24T08:14:21.971Z
EVX26-WB-000937,WRISTBAND,PRODUCTION,UNUSED,2026-08-24T08:14:21.985Z
EVX26-WB-000938,WRISTBAND,PRODUCTION,UNUSED,2026-08-24T08:14:22.000Z
EVX26-WB-000939,WRISTBAND,PRODUCTION,UNUSED,2026-08-24T08:14:22.015Z
EVX26-WB-000940,WRISTBAND,PRODUCTION,UNUSED,2026-08-24T08:14:22.030Z
EVX26-WB-000941,WRISTBAND,PRODUCTION,UNUSED,2026-08-24T08:14:22.047Z
EVX26-WB-000942,WRISTBAND,PRODUCTION,UNUSED,2026-08-24T08:14:22.062Z
EVX26-WB-000943,WRISTBAND,PRODUCTION,UNUSED,2026-08-24T08:14:22.077Z
EVX26-WB-000944,WRISTBAND,PRODUCTION,UNUSED,2026-08-24T08:14:22.092Z
EVX26-WB-000945,WRISTBAND,PRODUCTION,UNUSED,2026-08-24T08:14:22.107Z
EVX26-WB-000946,WRISTBAND,PRODUCTION,UNUSED,2026-08-24T08:14:22.124Z
EVX26-WB-000947,WRISTBAND,PRODUCTION,UNUSED,2026-08-24T08:14:22.167Z
EVX26-WB-000948,WRISTBAND,PRODUCTION,UNUSED,2026-08-24T08:14:22.186Z
EVX26-WB-000949,WRISTBAND,PRODUCTION,UNUSED,2026-08-24T08:14:22.207Z
EVX26-WB-000950,WRISTBAND,PRODUCTION,UNUSED,2026-08-24T08:14:22.227Z
EVX26-WB-000951,WRISTBAND,PRODUCTION,UNUSED,2026-08-24T08:14:22.243Z
EVX26-WB-000952,WRISTBAND,PRODUCTION,UNUSED,2026-08-24T08:14:22.257Z
EVX26-WB-000953,WRISTBAND,PRODUCTION,UNUSED,2026-08-24T08:14:22.272Z
EVX26-WB-000954,WRISTBAND,PRODUCTION,UNUSED,2026-08-24T08:14:22.293Z
EVX26-WB-000955,WRISTBAND,PRODUCTION,UNUSED,2026-08-24T08:14:22.313Z
EVX26-WB-000956,WRISTBAND,PRODUCTION,UNUSED,2026-08-24T08:14:22.329Z
EVX26-WB-000957,WRISTBAND,PRODUCTION,UNUSED,2026-08-24T08:14:22.349Z
EVX26-WB-000958,WRISTBAND,PRODUCTION,UNUSED,2026-08-24T08:14:22.366Z
EVX26-WB-000959,WRISTBAND,PRODUCTION,UNUSED,2026-08-24T08:14:22.383Z
EVX26-WB-000960,WRISTBAND,PRODUCTION,UNUSED,2026-08-24T08:14:22.400Z
EVX26-WB-000961,WRISTBAND,PRODUCTION,UNUSED,2026-08-24T08:14:22.417Z
EVX26-WB-000962,WRISTBAND,PRODUCTION,UNUSED,2026-08-24T08:14:22.432Z
EVX26-WB-000963,WRISTBAND,PRODUCTION,UNUSED,2026-08-24T08:14:22.446Z
EVX26-WB-000964,WRISTBAND,PRODUCTION,UNUSED,2026-08-24T08:14:22.461Z
EVX26-WB-000965,WRISTBAND,PRODUCTION,UNUSED,2026-08-24T08:14:22.476Z
EVX26-WB-000966,WRISTBAND,PRODUCTION,UNUSED,2026-08-24T08:14:22.491Z
EVX26-WB-000967,WRISTBAND,PRODUCTION,UNUSED,2026-08-24T08:14:22.506Z
EVX26-WB-000968,WRISTBAND,PRODUCTION,UNUSED,2026-08-24T08:14:22.524Z
EVX26-WB-000969,WRISTBAND,PRODUCTION,UNUSED,2026-08-24T08:14:22.539Z
EVX26-WB-000970,WRISTBAND,PRODUCTION,UNUSED,2026-08-24T08:14:22.554Z
EVX26-WB-000971,WRISTBAND,PRODUCTION,UNUSED,2026-08-24T08:14:22.569Z
EVX26-WB-000972,WRISTBAND,PRODUCTION,UNUSED,2026-08-24T08:14:22.583Z
EVX26-WB-000973,WRISTBAND,PRODUCTION,UNUSED,2026-08-24T08:14:22.598Z
EVX26-WB-000974,WRISTBAND,PRODUCTION,UNUSED,2026-08-24T08:14:22.617Z
EVX26-WB-000975,WRISTBAND,PRODUCTION,UNUSED,2026-08-24T08:14:22.632Z
EVX26-WB-000976,WRISTBAND,PRODUCTION,UNUSED,2026-08-24T08:14:22.647Z
EVX26-WB-000977,WRISTBAND,PRODUCTION,UNUSED,2026-08-24T08:14:22.666Z
EVX26-WB-000978,WRISTBAND,PRODUCTION,UNUSED,2026-08-24T08:14:22.681Z
EVX26-WB-000979,WRISTBAND,PRODUCTION,UNUSED,2026-08-24T08:14:22.699Z
EVX26-WB-000980,WRISTBAND,PRODUCTION,UNUSED,2026-08-24T08:14:22.723Z
EVX26-WB-000981,WRISTBAND,PRODUCTION,UNUSED,2026-08-24T08:14:22.741Z
EVX26-WB-000982,WRISTBAND,PRODUCTION,UNUSED,2026-08-24T08:14:22.757Z
EVX26-WB-000983,WRISTBAND,PRODUCTION,UNUSED,2026-08-24T08:14:22.777Z
EVX26-WB-000984,WRISTBAND,PRODUCTION,UNUSED,2026-08-24T08:14:22.794Z
EVX26-WB-000985,WRISTBAND,PRODUCTION,UNUSED,2026-08-24T08:14:22.811Z
EVX26-WB-000986,WRISTBAND,PRODUCTION,UNUSED,2026-08-24T08:14:22.831Z
EVX26-WB-000987,WRISTBAND,PRODUCTION,UNUSED,2026-08-24T08:14:22.848Z
EVX26-WB-000988,WRISTBAND,PRODUCTION,UNUSED,2026-08-24T08:14:22.863Z
EVX26-WB-000989,WRISTBAND,PRODUCTION,UNUSED,2026-08-24T08:14:22.880Z
EVX26-WB-000990,WRISTBAND,PRODUCTION,UNUSED,2026-08-24T08:14:22.896Z
EVX26-WB-000991,WRISTBAND,PRODUCTION,UNUSED,2026-08-24T08:14:22.911Z
EVX26-WB-000992,WRISTBAND,PRODUCTION,UNUSED,2026-08-24T08:14:22.925Z
EVX26-WB-000993,WRISTBAND,PRODUCTION,UNUSED,2026-08-24T08:14:22.940Z
EVX26-WB-000994,WRISTBAND,PRODUCTION,UNUSED,2026-08-24T08:14:22.955Z
EVX26-WB-000995,WRISTBAND,PRODUCTION,UNUSED,2026-08-24T08:14:22.973Z
EVX26-WB-000996,WRISTBAND,PRODUCTION,UNUSED,2026-08-24T08:14:22.988Z
EVX26-WB-000997,WRISTBAND,PRODUCTION,UNUSED,2026-08-24T08:14:23.006Z
EVX26-WB-000998,WRISTBAND,PRODUCTION,UNUSED,2026-08-24T08:14:23.023Z
EVX26-WB-000999,WRISTBAND,PRODUCTION,UNUSED,2026-08-24T08:14:23.041Z
EVX26-WB-001000,WRISTBAND,PRODUCTION,UNUSED,2026-08-24T08:14:23.057Z